-- phpMyAdmin SQL Dump
-- version 4.8.4
-- https://www.phpmyadmin.net/
--
-- Hôte : 127.0.0.1:3306
-- Généré le :  ven. 31 mai 2019 à 13:32
-- Version du serveur :  5.7.24
-- Version de PHP :  7.2.14

SET SQL_MODE = "NO_AUTO_VALUE_ON_ZERO";
SET AUTOCOMMIT = 0;
START TRANSACTION;
SET time_zone = "+00:00";


/*!40101 SET @OLD_CHARACTER_SET_CLIENT=@@CHARACTER_SET_CLIENT */;
/*!40101 SET @OLD_CHARACTER_SET_RESULTS=@@CHARACTER_SET_RESULTS */;
/*!40101 SET @OLD_COLLATION_CONNECTION=@@COLLATION_CONNECTION */;
/*!40101 SET NAMES utf8mb4 */;

--
-- Base de données :  `projetjava`
--

DELIMITER $$
--
-- Procédures
--
DROP PROCEDURE IF EXISTS `GetComponents`$$
CREATE DEFINER=`root`@`localhost` PROCEDURE `GetComponents` (IN `p_Level_id` INT)  NO SQL
BEGIN
SELECT components.Name, positions.PosX, positions.PosY
FROM components, positions, integrate, level
WHERE components.Id = integrate.Component
AND positions.Id = integrate.Position
AND level.Id = integrate.Level
AND level.Id = p_Level_id;
END$$

DROP PROCEDURE IF EXISTS `GetLevel`$$
CREATE DEFINER=`root`@`localhost` PROCEDURE `GetLevel` (IN `p_Level_id` INT)  BEGIN
	SELECT level.Id, level.Name, level.Width, level.Height, level.DiamondsNumber
    FROM level
    WHERE level.Id = p_Level_id;
END$$

DROP PROCEDURE IF EXISTS `GetLevelsList`$$
CREATE DEFINER=`root`@`localhost` PROCEDURE `GetLevelsList` ()  NO SQL
BEGIN
SELECT DISTINCT level.id
FROM level;
END$$

DELIMITER ;

-- --------------------------------------------------------

--
-- Structure de la table `components`
--

DROP TABLE IF EXISTS `components`;
CREATE TABLE IF NOT EXISTS `components` (
  `id` int(11) NOT NULL AUTO_INCREMENT,
  `Name` text,
  PRIMARY KEY (`id`)
) ENGINE=MyISAM AUTO_INCREMENT=8 DEFAULT CHARSET=latin1;

--
-- Déchargement des données de la table `components`
--

INSERT INTO `components` (`id`, `Name`) VALUES
(1, 'Wall'),
(2, 'Digged'),
(3, 'Rock'),
(4, 'Diamond'),
(5, 'Player'),
(6, 'Dirt'),
(7, 'Enemy');

-- --------------------------------------------------------

--
-- Structure de la table `integrate`
--

DROP TABLE IF EXISTS `integrate`;
CREATE TABLE IF NOT EXISTS `integrate` (
  `Level` int(11) NOT NULL DEFAULT '0',
  `Component` int(11) NOT NULL DEFAULT '0',
  `Position` int(11) NOT NULL DEFAULT '0'
) ENGINE=MyISAM DEFAULT CHARSET=latin1;

--
-- Déchargement des données de la table `integrate`
--

INSERT INTO `integrate` (`Level`, `Component`, `Position`) VALUES
(5, 5, 1),
(1, 1, 2),
(2, 1, 2),
(3, 1, 2),
(4, 2, 2),
(5, 7, 2),
(5, 7, 3),
(4, 3, 4),
(4, 6, 4),
(5, 7, 4),
(3, 3, 5),
(4, 6, 5),
(5, 7, 5),
(5, 7, 6),
(4, 1, 7),
(5, 7, 7),
(5, 7, 8),
(5, 7, 9),
(1, 1, 10),
(2, 1, 10),
(3, 1, 10),
(4, 1, 10),
(5, 1, 10),
(1, 1, 11),
(2, 1, 11),
(3, 1, 11),
(4, 1, 11),
(5, 1, 11),
(1, 1, 12),
(2, 1, 12),
(3, 1, 12),
(4, 1, 12),
(5, 1, 12),
(1, 1, 13),
(2, 1, 13),
(3, 1, 13),
(4, 1, 13),
(5, 1, 13),
(1, 1, 14),
(2, 1, 14),
(3, 1, 14),
(4, 1, 14),
(5, 1, 14),
(1, 1, 15),
(2, 1, 15),
(3, 1, 15),
(4, 1, 15),
(5, 1, 15),
(1, 1, 16),
(2, 1, 16),
(3, 1, 16),
(4, 1, 16),
(5, 1, 16),
(1, 1, 17),
(2, 1, 17),
(3, 1, 17),
(4, 1, 17),
(5, 1, 17),
(1, 1, 18),
(2, 1, 18),
(3, 1, 18),
(4, 1, 18),
(5, 1, 18),
(1, 1, 19),
(2, 1, 19),
(3, 1, 19),
(4, 1, 19),
(5, 1, 19),
(4, 1, 20),
(5, 1, 20),
(4, 1, 21),
(5, 1, 21),
(4, 1, 22),
(5, 1, 22),
(4, 1, 23),
(5, 1, 23),
(4, 1, 24),
(5, 1, 24),
(4, 1, 25),
(5, 1, 25),
(4, 1, 26),
(5, 1, 26),
(5, 1, 27),
(5, 1, 28),
(5, 1, 29),
(5, 1, 30),
(5, 1, 31),
(5, 1, 32),
(5, 1, 33),
(5, 1, 34),
(5, 1, 35),
(5, 1, 36),
(5, 1, 37),
(5, 1, 38),
(5, 1, 39),
(5, 1, 40),
(4, 1, 41),
(5, 1, 41),
(4, 1, 42),
(5, 1, 42),
(4, 1, 43),
(5, 1, 43),
(4, 1, 44),
(5, 1, 44),
(4, 1, 45),
(5, 1, 45),
(4, 1, 46),
(5, 1, 46),
(4, 1, 47),
(5, 1, 47),
(4, 1, 48),
(5, 1, 48),
(4, 1, 49),
(5, 1, 49),
(4, 1, 50),
(5, 1, 50),
(4, 1, 51),
(5, 1, 51),
(4, 1, 52),
(5, 1, 52),
(4, 1, 53),
(5, 1, 53),
(4, 1, 54),
(5, 1, 54),
(4, 1, 55),
(5, 1, 55),
(4, 1, 56),
(5, 1, 56),
(4, 1, 57),
(5, 1, 57),
(5, 1, 58),
(5, 1, 59),
(5, 1, 60),
(5, 1, 61),
(5, 1, 62),
(5, 1, 63),
(5, 1, 64),
(5, 1, 65),
(5, 1, 66),
(5, 1, 67),
(5, 1, 68),
(5, 1, 69),
(5, 1, 70),
(5, 1, 71),
(1, 1, 72),
(2, 1, 72),
(3, 1, 72),
(4, 1, 72),
(5, 1, 72),
(5, 1, 73),
(1, 1, 74),
(2, 1, 74),
(3, 1, 74),
(4, 1, 74),
(5, 1, 74),
(5, 1, 75),
(1, 1, 76),
(2, 1, 76),
(3, 1, 76),
(4, 1, 76),
(5, 1, 76),
(5, 1, 77),
(1, 1, 78),
(2, 1, 78),
(3, 1, 78),
(4, 1, 78),
(5, 1, 78),
(5, 1, 79),
(1, 1, 80),
(2, 1, 80),
(3, 1, 80),
(4, 1, 80),
(5, 1, 80),
(5, 1, 81),
(1, 1, 82),
(2, 1, 82),
(3, 1, 82),
(4, 1, 82),
(5, 1, 82),
(5, 1, 83),
(1, 1, 84),
(2, 1, 84),
(3, 1, 84),
(4, 1, 84),
(5, 1, 84),
(5, 1, 85),
(1, 1, 86),
(2, 1, 86),
(3, 1, 86),
(4, 1, 86),
(5, 1, 86),
(5, 1, 87),
(1, 1, 88),
(2, 1, 88),
(3, 1, 88),
(4, 1, 88),
(5, 1, 88),
(5, 1, 89),
(3, 1, 90),
(4, 1, 90),
(5, 1, 90),
(5, 1, 91),
(3, 1, 92),
(4, 1, 92),
(5, 1, 92),
(5, 1, 93),
(3, 1, 94),
(4, 1, 94),
(5, 1, 94),
(5, 1, 95),
(3, 1, 96),
(4, 1, 96),
(5, 1, 96),
(5, 1, 97),
(3, 1, 98),
(4, 1, 98),
(5, 1, 98),
(5, 1, 99),
(4, 1, 100),
(5, 1, 100),
(5, 1, 101),
(4, 1, 102),
(5, 1, 102),
(5, 1, 103),
(4, 1, 104),
(5, 1, 104),
(5, 1, 105),
(4, 1, 106),
(5, 1, 106),
(5, 1, 107),
(4, 1, 108),
(5, 1, 108),
(5, 1, 109),
(4, 1, 110),
(5, 1, 110),
(5, 1, 111),
(4, 1, 112),
(5, 1, 112),
(5, 1, 113),
(4, 1, 114),
(5, 1, 114),
(5, 1, 115),
(4, 1, 116),
(5, 1, 116),
(5, 1, 117),
(4, 6, 118),
(5, 1, 118),
(4, 6, 119),
(5, 1, 119),
(4, 6, 120),
(5, 1, 120),
(5, 1, 121),
(1, 6, 122),
(2, 6, 122),
(3, 3, 122),
(4, 6, 122),
(5, 1, 122),
(1, 3, 123),
(2, 6, 123),
(3, 6, 123),
(4, 3, 123),
(5, 1, 123),
(1, 6, 124),
(2, 6, 124),
(3, 4, 124),
(4, 6, 124),
(5, 1, 124),
(1, 6, 125),
(2, 6, 125),
(3, 6, 125),
(4, 7, 125),
(5, 1, 125),
(5, 1, 126),
(5, 1, 127),
(5, 1, 128),
(5, 1, 129),
(1, 3, 130),
(2, 3, 130),
(3, 3, 130),
(4, 6, 130),
(5, 1, 130),
(1, 3, 131),
(2, 4, 131),
(3, 6, 131),
(4, 3, 131),
(5, 1, 131),
(1, 3, 132),
(2, 3, 132),
(3, 3, 132),
(4, 6, 132),
(5, 1, 132),
(1, 4, 133),
(2, 6, 133),
(3, 3, 133),
(4, 2, 133),
(5, 1, 133),
(5, 1, 134),
(5, 1, 135),
(5, 1, 136),
(5, 1, 137),
(1, 4, 138),
(2, 3, 138),
(3, 6, 138),
(4, 6, 138),
(5, 1, 138),
(4, 6, 139),
(5, 1, 139),
(5, 1, 140),
(5, 1, 141),
(5, 1, 142),
(1, 6, 143),
(2, 6, 143),
(3, 6, 143),
(4, 3, 143),
(5, 1, 143),
(4, 6, 144),
(5, 1, 144),
(5, 1, 145),
(5, 1, 146),
(5, 1, 147),
(4, 2, 148),
(5, 1, 148),
(4, 3, 149),
(5, 1, 149),
(4, 6, 150),
(5, 1, 150),
(4, 1, 151),
(5, 1, 151),
(5, 1, 152),
(5, 1, 153),
(5, 1, 154),
(5, 1, 155),
(5, 1, 156),
(4, 6, 157),
(5, 1, 157),
(5, 1, 158),
(5, 1, 159),
(3, 2, 160),
(4, 6, 160),
(5, 1, 160),
(4, 6, 161),
(5, 1, 161),
(3, 4, 162),
(4, 3, 162),
(5, 1, 162),
(3, 6, 163),
(4, 3, 163),
(5, 1, 163),
(3, 2, 164),
(4, 3, 164),
(5, 1, 164),
(3, 7, 165),
(4, 1, 165),
(5, 1, 165),
(4, 5, 166),
(5, 1, 166),
(3, 6, 167),
(4, 6, 167),
(5, 1, 167),
(4, 2, 168),
(5, 1, 168),
(3, 1, 169),
(4, 7, 169),
(5, 1, 169),
(4, 6, 170),
(5, 1, 170),
(4, 2, 171),
(5, 1, 171),
(4, 6, 172),
(5, 1, 172),
(5, 1, 173),
(5, 1, 174),
(5, 1, 175),
(5, 1, 176),
(5, 1, 177),
(5, 1, 178),
(5, 1, 179),
(5, 1, 180),
(5, 1, 181),
(5, 1, 182),
(5, 1, 183),
(5, 1, 184),
(5, 1, 185),
(5, 1, 186),
(4, 3, 187),
(5, 1, 187),
(4, 3, 188),
(5, 1, 188),
(4, 6, 189),
(5, 1, 189),
(4, 6, 190),
(5, 1, 190),
(4, 6, 191),
(5, 1, 191),
(4, 6, 192),
(5, 1, 192),
(5, 1, 193),
(4, 3, 194),
(5, 1, 194),
(5, 1, 195),
(4, 6, 196),
(5, 1, 196),
(1, 6, 197),
(2, 2, 197),
(3, 3, 197),
(4, 6, 197),
(5, 4, 197),
(4, 6, 198),
(5, 4, 198),
(5, 4, 199),
(4, 1, 200),
(5, 4, 200),
(3, 6, 201),
(4, 2, 201),
(5, 4, 201),
(5, 4, 202),
(5, 4, 203),
(4, 3, 204),
(5, 4, 204),
(5, 4, 205),
(1, 2, 206),
(2, 6, 206),
(3, 3, 206),
(4, 6, 206),
(5, 3, 206),
(1, 2, 207),
(2, 4, 207),
(3, 6, 207),
(4, 6, 207),
(5, 3, 207),
(4, 6, 208),
(5, 3, 208),
(5, 3, 209),
(5, 3, 210),
(1, 3, 211),
(2, 2, 211),
(3, 6, 211),
(4, 6, 211),
(5, 3, 211),
(1, 3, 212),
(2, 3, 212),
(3, 6, 212),
(4, 2, 212),
(5, 3, 212),
(5, 3, 213),
(5, 3, 214),
(5, 3, 215),
(5, 3, 216),
(1, 6, 217),
(2, 3, 217),
(3, 2, 217),
(4, 6, 217),
(5, 3, 217),
(4, 3, 218),
(5, 3, 218),
(4, 6, 219),
(5, 3, 219),
(4, 1, 220),
(5, 3, 220),
(5, 3, 221),
(5, 3, 222),
(5, 3, 223),
(4, 2, 224),
(5, 3, 224),
(4, 1, 225),
(5, 3, 225),
(5, 3, 226),
(5, 3, 227),
(5, 3, 228),
(1, 3, 229),
(2, 3, 229),
(3, 2, 229),
(4, 6, 229),
(5, 3, 229),
(1, 6, 230),
(2, 6, 230),
(3, 6, 230),
(4, 3, 230),
(5, 3, 230),
(5, 3, 231),
(5, 3, 232),
(5, 3, 233),
(1, 6, 234),
(2, 6, 234),
(3, 4, 234),
(4, 3, 234),
(5, 3, 234),
(1, 6, 235),
(2, 6, 235),
(3, 3, 235),
(4, 3, 235),
(5, 3, 235),
(1, 6, 236),
(2, 2, 236),
(3, 6, 236),
(4, 3, 236),
(5, 3, 236),
(5, 3, 237),
(5, 3, 238),
(1, 6, 239),
(2, 6, 239),
(3, 2, 239),
(4, 6, 239),
(5, 3, 239),
(1, 4, 240),
(2, 7, 240),
(3, 4, 240),
(4, 6, 240),
(5, 3, 240),
(1, 3, 241),
(2, 3, 241),
(3, 1, 241),
(4, 3, 241),
(5, 3, 241),
(4, 3, 242),
(5, 3, 242),
(5, 3, 243),
(5, 3, 244),
(5, 3, 245),
(1, 1, 246),
(2, 1, 246),
(3, 6, 246),
(4, 1, 246),
(5, 3, 246),
(1, 1, 247),
(2, 1, 247),
(3, 3, 247),
(4, 1, 247),
(5, 3, 247),
(1, 1, 248),
(2, 1, 248),
(3, 3, 248),
(4, 1, 248),
(5, 3, 248),
(4, 6, 249),
(5, 3, 249),
(5, 3, 250),
(5, 3, 251),
(5, 3, 252),
(5, 3, 253),
(5, 3, 254),
(5, 3, 255),
(3, 6, 256),
(4, 3, 256),
(5, 3, 256),
(4, 3, 257),
(5, 3, 257),
(4, 6, 258),
(5, 3, 258),
(4, 6, 259),
(5, 3, 259),
(4, 1, 260),
(5, 3, 260),
(4, 6, 261),
(5, 3, 261),
(3, 3, 262),
(4, 2, 262),
(5, 3, 262),
(4, 2, 263),
(5, 3, 263),
(4, 6, 264),
(5, 3, 264),
(5, 3, 265),
(5, 3, 266),
(5, 3, 267),
(3, 6, 268),
(4, 6, 268),
(5, 3, 268),
(4, 6, 269),
(5, 3, 269),
(4, 1, 270),
(5, 3, 270),
(5, 3, 271),
(5, 3, 272),
(5, 2, 272),
(5, 3, 273),
(5, 3, 274),
(3, 1, 275),
(4, 6, 275),
(5, 3, 275),
(3, 1, 276),
(4, 2, 276),
(5, 3, 276),
(3, 1, 277),
(4, 2, 277),
(5, 3, 277),
(5, 3, 278),
(5, 3, 279),
(4, 6, 280),
(5, 3, 280),
(4, 2, 281),
(5, 3, 281),
(5, 3, 282),
(4, 6, 283),
(5, 3, 283),
(4, 6, 284),
(5, 3, 284),
(4, 6, 285),
(5, 3, 285),
(4, 2, 286),
(5, 3, 286),
(4, 3, 287),
(5, 3, 287),
(4, 6, 288),
(5, 3, 288),
(4, 2, 289),
(5, 3, 289),
(4, 3, 290),
(5, 3, 290),
(4, 2, 291),
(5, 3, 291),
(5, 3, 292),
(5, 3, 293),
(5, 3, 294),
(5, 3, 295),
(5, 3, 296),
(4, 6, 297),
(5, 3, 297),
(4, 2, 298),
(5, 3, 298),
(4, 2, 299),
(5, 3, 299),
(4, 3, 300),
(5, 3, 300),
(4, 3, 301),
(5, 3, 301),
(5, 3, 302),
(5, 3, 303),
(5, 3, 304),
(5, 3, 305),
(5, 3, 306),
(4, 2, 307),
(5, 3, 307),
(4, 2, 308),
(5, 3, 308),
(4, 2, 309),
(5, 3, 309),
(4, 7, 310),
(5, 3, 310),
(4, 6, 311),
(5, 3, 311),
(5, 6, 311),
(5, 3, 312),
(5, 3, 313),
(5, 3, 314),
(4, 6, 315),
(5, 3, 315),
(5, 6, 315),
(4, 3, 316),
(5, 3, 316),
(5, 3, 317),
(4, 3, 318),
(5, 3, 318),
(4, 6, 319),
(5, 3, 319),
(5, 3, 320),
(5, 3, 321),
(5, 3, 322),
(5, 2, 323),
(5, 2, 324),
(1, 1, 325),
(2, 1, 325),
(3, 1, 325),
(4, 2, 325),
(5, 2, 325),
(4, 6, 326),
(5, 2, 326),
(4, 3, 327),
(5, 2, 327),
(1, 1, 328),
(2, 1, 328),
(3, 1, 328),
(4, 2, 328),
(5, 2, 328),
(4, 6, 329),
(5, 2, 329),
(5, 2, 330),
(1, 6, 331),
(2, 6, 331),
(3, 6, 331),
(4, 6, 331),
(5, 2, 331),
(4, 2, 332),
(5, 2, 332),
(4, 3, 333),
(5, 2, 333),
(4, 6, 334),
(5, 2, 334),
(4, 2, 335),
(5, 2, 335),
(5, 2, 336),
(5, 2, 337),
(1, 6, 338),
(2, 6, 338),
(3, 2, 338),
(4, 3, 338),
(5, 2, 338),
(1, 1, 339),
(2, 1, 339),
(3, 1, 339),
(4, 6, 339),
(5, 2, 339),
(4, 6, 340),
(5, 2, 340),
(4, 6, 341),
(5, 2, 341),
(4, 6, 342),
(5, 2, 342),
(5, 2, 343),
(1, 1, 344),
(2, 1, 344),
(3, 1, 344),
(4, 6, 344),
(5, 2, 344),
(4, 1, 345),
(5, 2, 345),
(4, 6, 346),
(5, 2, 346),
(4, 6, 347),
(5, 2, 347),
(4, 6, 348),
(5, 2, 348),
(5, 2, 349),
(5, 2, 350),
(5, 2, 351),
(1, 6, 352),
(2, 4, 352),
(3, 6, 352),
(4, 6, 352),
(5, 2, 352),
(1, 1, 353),
(2, 1, 353),
(3, 1, 353),
(4, 4, 353),
(5, 2, 353),
(4, 3, 354),
(5, 2, 354),
(4, 1, 355),
(5, 2, 355),
(5, 2, 356),
(5, 2, 357),
(1, 2, 358),
(2, 3, 358),
(3, 3, 358),
(4, 6, 358),
(5, 2, 358),
(1, 2, 359),
(2, 6, 359),
(3, 6, 359),
(4, 6, 359),
(5, 2, 359),
(1, 1, 360),
(2, 1, 360),
(3, 1, 360),
(4, 2, 360),
(5, 2, 360),
(5, 2, 361),
(5, 2, 362),
(1, 1, 363),
(2, 1, 363),
(3, 6, 363),
(4, 6, 363),
(5, 2, 363),
(1, 1, 364),
(2, 1, 364),
(3, 6, 364),
(4, 6, 364),
(5, 2, 364),
(3, 4, 365),
(4, 3, 365),
(5, 2, 365),
(3, 6, 366),
(4, 1, 366),
(5, 2, 366),
(5, 2, 367),
(5, 2, 368),
(5, 2, 369),
(3, 1, 370),
(4, 6, 370),
(5, 2, 370),
(3, 1, 371),
(4, 6, 371),
(5, 2, 371),
(3, 3, 372),
(4, 1, 372),
(5, 2, 372),
(5, 2, 373),
(5, 2, 374),
(5, 2, 375),
(5, 2, 376),
(3, 2, 377),
(4, 6, 377),
(5, 2, 377),
(3, 3, 378),
(4, 3, 378),
(5, 2, 378),
(5, 2, 379),
(5, 2, 380),
(5, 2, 381),
(5, 2, 382),
(5, 2, 383),
(3, 1, 384),
(4, 4, 384),
(5, 2, 384),
(4, 6, 385),
(5, 2, 385),
(4, 6, 386),
(5, 2, 386),
(4, 6, 387),
(5, 2, 387),
(5, 2, 388),
(5, 2, 389),
(5, 2, 390),
(5, 2, 391),
(5, 2, 392),
(4, 1, 393),
(5, 2, 393),
(4, 1, 394),
(5, 2, 394),
(4, 1, 395),
(5, 2, 395),
(5, 2, 396),
(5, 2, 397),
(5, 2, 398),
(5, 2, 399),
(5, 2, 400),
(4, 6, 401),
(5, 2, 401),
(4, 1, 402),
(5, 2, 402),
(4, 2, 403),
(5, 2, 403),
(4, 6, 404),
(5, 2, 404),
(5, 2, 405),
(4, 2, 406),
(5, 2, 406),
(4, 1, 407),
(5, 2, 407),
(5, 2, 408),
(4, 6, 409),
(5, 2, 409),
(4, 6, 410),
(5, 2, 410),
(4, 6, 411),
(5, 2, 411),
(4, 2, 412),
(5, 2, 412),
(5, 2, 413),
(5, 2, 414),
(5, 2, 415),
(4, 6, 416),
(5, 2, 416),
(4, 3, 417),
(5, 2, 417),
(4, 6, 418),
(5, 2, 418),
(4, 6, 419),
(5, 2, 419),
(4, 6, 420),
(5, 2, 420),
(5, 2, 421),
(5, 2, 422),
(4, 6, 423),
(5, 2, 423),
(4, 2, 424),
(5, 2, 424),
(5, 2, 425),
(5, 2, 426),
(5, 2, 427),
(5, 2, 428),
(4, 3, 429),
(5, 2, 429),
(4, 2, 430),
(5, 2, 430),
(4, 6, 431),
(5, 2, 431),
(4, 1, 432),
(5, 2, 432),
(5, 2, 433),
(5, 2, 434),
(5, 2, 435),
(4, 6, 436),
(5, 2, 436),
(4, 6, 437),
(5, 2, 437),
(4, 6, 438),
(5, 2, 438),
(4, 3, 439),
(5, 2, 439),
(4, 6, 440),
(5, 2, 440),
(4, 2, 441),
(5, 2, 441),
(4, 1, 442),
(5, 2, 442),
(5, 2, 443),
(5, 2, 444),
(5, 2, 445),
(5, 2, 446),
(5, 2, 447),
(4, 6, 448),
(5, 2, 448),
(4, 1, 449),
(5, 2, 449),
(5, 2, 450),
(5, 2, 451),
(5, 2, 452),
(5, 2, 453),
(5, 2, 454),
(5, 2, 455),
(5, 6, 455),
(1, 3, 456),
(2, 6, 456),
(3, 6, 456),
(4, 3, 456),
(5, 2, 456),
(1, 6, 457),
(2, 4, 457),
(3, 2, 457),
(4, 3, 457),
(5, 6, 457),
(1, 5, 458),
(2, 7, 458),
(3, 6, 458),
(4, 6, 458),
(5, 6, 458),
(1, 6, 459),
(2, 2, 459),
(3, 2, 459),
(4, 6, 459),
(5, 6, 459),
(1, 4, 460),
(2, 6, 460),
(3, 6, 460),
(4, 6, 460),
(5, 6, 460),
(1, 2, 461),
(2, 6, 461),
(3, 2, 461),
(4, 6, 461),
(5, 6, 461),
(1, 6, 462),
(2, 6, 462),
(3, 5, 462),
(4, 6, 462),
(5, 6, 462),
(1, 1, 463),
(2, 1, 463),
(3, 1, 463),
(4, 6, 463),
(5, 6, 463),
(4, 6, 464),
(5, 6, 464),
(4, 6, 465),
(5, 6, 465),
(4, 1, 466),
(5, 6, 466),
(5, 6, 467),
(5, 6, 468),
(5, 6, 469),
(5, 6, 470),
(5, 6, 471),
(5, 6, 472),
(5, 6, 473),
(5, 6, 474),
(1, 6, 475),
(2, 3, 475),
(3, 4, 475),
(4, 3, 475),
(5, 6, 475),
(1, 3, 476),
(2, 6, 476),
(3, 6, 476),
(4, 6, 476),
(5, 6, 476),
(1, 2, 477),
(2, 6, 477),
(3, 6, 477),
(4, 3, 477),
(5, 6, 477),
(1, 2, 478),
(2, 3, 478),
(3, 6, 478),
(4, 6, 478),
(5, 6, 478),
(1, 6, 479),
(2, 3, 479),
(3, 2, 479),
(4, 2, 479),
(5, 6, 479),
(4, 2, 480),
(5, 6, 480),
(4, 3, 481),
(5, 6, 481),
(4, 3, 482),
(5, 6, 482),
(4, 3, 483),
(5, 6, 483),
(4, 1, 484),
(5, 6, 484),
(5, 6, 485),
(5, 6, 486),
(5, 6, 487),
(5, 6, 488),
(5, 6, 489),
(5, 6, 490),
(1, 3, 491),
(2, 6, 491),
(3, 2, 491),
(4, 3, 491),
(5, 6, 491),
(1, 6, 492),
(2, 3, 492),
(3, 2, 492),
(4, 4, 492),
(5, 6, 492),
(1, 6, 493),
(2, 5, 493),
(3, 6, 493),
(4, 2, 493),
(5, 6, 493),
(4, 2, 494),
(5, 6, 494),
(4, 3, 495),
(5, 6, 495),
(4, 6, 496),
(5, 6, 496),
(5, 6, 497),
(5, 6, 498),
(5, 6, 499),
(5, 6, 500),
(5, 6, 501),
(1, 3, 502),
(2, 3, 502),
(3, 2, 502),
(4, 3, 502),
(5, 6, 502),
(1, 4, 503),
(2, 6, 503),
(3, 3, 503),
(4, 6, 503),
(5, 6, 503),
(1, 6, 504),
(2, 6, 504),
(3, 4, 504),
(4, 2, 504),
(5, 6, 504),
(4, 2, 505),
(5, 6, 505),
(5, 6, 506),
(5, 6, 507),
(5, 6, 508),
(5, 6, 509),
(5, 6, 510),
(5, 6, 511),
(1, 6, 512),
(2, 6, 512),
(3, 2, 512),
(4, 3, 512),
(5, 6, 512),
(1, 3, 513),
(2, 3, 513),
(3, 7, 513),
(4, 6, 513),
(5, 6, 513),
(1, 6, 514),
(2, 3, 514),
(3, 3, 514),
(4, 6, 514),
(5, 6, 514),
(1, 6, 515),
(2, 3, 515),
(3, 3, 515),
(4, 6, 515),
(5, 6, 515),
(4, 6, 516),
(5, 6, 516),
(4, 4, 517),
(5, 6, 517),
(4, 1, 518),
(5, 6, 518),
(5, 6, 519),
(5, 6, 520),
(5, 6, 521),
(5, 6, 522),
(5, 6, 523),
(1, 3, 524),
(2, 6, 524),
(3, 3, 524),
(4, 3, 524),
(5, 6, 524),
(1, 6, 525),
(2, 2, 525),
(3, 6, 525),
(4, 6, 525),
(5, 6, 525),
(1, 2, 526),
(2, 2, 526),
(3, 2, 526),
(4, 6, 526),
(5, 6, 526),
(1, 2, 527),
(2, 6, 527),
(3, 2, 527),
(4, 6, 527),
(5, 6, 527),
(1, 3, 528),
(2, 2, 528),
(3, 2, 528),
(4, 6, 528),
(5, 6, 528),
(4, 1, 529),
(5, 6, 529),
(5, 6, 530),
(5, 6, 531),
(5, 6, 532),
(5, 6, 533),
(5, 6, 534),
(5, 6, 535),
(5, 6, 536),
(1, 3, 537),
(2, 2, 537),
(3, 2, 537),
(4, 6, 537),
(5, 6, 537),
(1, 6, 538),
(2, 2, 538),
(3, 1, 538),
(4, 6, 538),
(5, 6, 538),
(1, 3, 539),
(2, 3, 539),
(3, 1, 539),
(4, 6, 539),
(5, 6, 539),
(4, 1, 540),
(5, 6, 540),
(4, 6, 541),
(5, 6, 541),
(4, 3, 542),
(5, 6, 542),
(5, 6, 543),
(5, 6, 544),
(5, 6, 545),
(5, 6, 546),
(5, 6, 547),
(1, 3, 548),
(2, 6, 548),
(3, 6, 548),
(4, 6, 548),
(5, 6, 548),
(1, 6, 549),
(2, 3, 549),
(3, 7, 549),
(4, 6, 549),
(5, 6, 549),
(1, 2, 550),
(2, 4, 550),
(3, 6, 550),
(4, 6, 550),
(5, 6, 550),
(1, 2, 551),
(2, 6, 551),
(3, 6, 551),
(4, 2, 551),
(5, 6, 551),
(1, 6, 552),
(2, 2, 552),
(3, 6, 552),
(4, 2, 552),
(5, 6, 552),
(4, 1, 553),
(5, 6, 553),
(4, 3, 554),
(5, 6, 554),
(4, 6, 555),
(5, 6, 555),
(4, 2, 556),
(5, 6, 556),
(4, 3, 557),
(5, 6, 557),
(4, 1, 558),
(5, 6, 558),
(5, 6, 559),
(5, 6, 560),
(5, 6, 561),
(5, 6, 562),
(5, 6, 563),
(5, 6, 564),
(5, 6, 565),
(5, 6, 566),
(1, 1, 567),
(2, 1, 567),
(3, 6, 567),
(4, 6, 567),
(5, 6, 567),
(1, 1, 568),
(2, 1, 568),
(3, 6, 568),
(4, 1, 568),
(5, 6, 568),
(1, 1, 569),
(2, 1, 569),
(3, 4, 569),
(4, 1, 569),
(5, 6, 569),
(1, 1, 570),
(2, 1, 570),
(3, 1, 570),
(4, 1, 570),
(5, 6, 570),
(4, 1, 571),
(5, 6, 571),
(4, 6, 572),
(5, 6, 572),
(5, 6, 573),
(5, 6, 574),
(3, 6, 575),
(4, 3, 575),
(5, 6, 575),
(3, 6, 576),
(4, 3, 576),
(5, 6, 576),
(3, 6, 577),
(4, 6, 577),
(5, 6, 577),
(3, 6, 578),
(4, 6, 578),
(5, 6, 578),
(3, 1, 579),
(4, 3, 579),
(5, 6, 579),
(4, 6, 580),
(5, 6, 580),
(4, 6, 581),
(5, 6, 581),
(5, 6, 582),
(5, 6, 583),
(5, 6, 584),
(5, 6, 585),
(5, 6, 586),
(5, 6, 587),
(5, 6, 588),
(5, 6, 589),
(3, 6, 590),
(4, 6, 590),
(5, 6, 590),
(3, 2, 591),
(4, 6, 591),
(5, 6, 591),
(3, 6, 592),
(4, 6, 592),
(5, 6, 592),
(3, 3, 593),
(4, 6, 593),
(5, 6, 593),
(3, 1, 594),
(4, 2, 594),
(5, 6, 594),
(4, 2, 595),
(5, 6, 595),
(4, 3, 596),
(5, 6, 596),
(4, 3, 597),
(5, 6, 597),
(4, 6, 598),
(5, 6, 598),
(5, 6, 599),
(5, 6, 600),
(5, 6, 601),
(5, 6, 602),
(5, 6, 603),
(5, 6, 604),
(5, 6, 605),
(5, 6, 606),
(5, 6, 607),
(3, 6, 608),
(4, 6, 608),
(5, 6, 608),
(3, 1, 609),
(4, 2, 609),
(5, 6, 609),
(4, 7, 610),
(5, 6, 610),
(4, 3, 611),
(5, 6, 611),
(4, 2, 612),
(5, 6, 612),
(4, 1, 613),
(5, 6, 613),
(5, 6, 614),
(5, 6, 615),
(5, 6, 616),
(5, 6, 617),
(5, 6, 618),
(5, 6, 619),
(3, 6, 620),
(4, 6, 620),
(5, 6, 620),
(3, 6, 621),
(4, 6, 621),
(5, 6, 621),
(3, 6, 622),
(4, 6, 622),
(5, 6, 622),
(3, 6, 623),
(4, 2, 623),
(5, 6, 623),
(3, 6, 624),
(4, 1, 624),
(5, 6, 624),
(3, 1, 625),
(4, 2, 625),
(5, 6, 625),
(4, 2, 626),
(5, 6, 626),
(4, 2, 627),
(5, 6, 627),
(4, 3, 628),
(5, 6, 628),
(4, 2, 629),
(5, 6, 629),
(5, 6, 630),
(5, 6, 631),
(5, 6, 632),
(5, 6, 633),
(5, 6, 634),
(5, 6, 635),
(3, 1, 636),
(4, 6, 636),
(5, 6, 636),
(3, 1, 637),
(4, 3, 637),
(5, 6, 637),
(3, 1, 638),
(4, 2, 638),
(5, 6, 638),
(3, 1, 639),
(4, 1, 639),
(5, 6, 639),
(4, 6, 640),
(5, 6, 640),
(4, 6, 641),
(5, 6, 641),
(4, 1, 642),
(5, 6, 642),
(5, 6, 643),
(5, 6, 644),
(5, 6, 645),
(5, 6, 646),
(5, 6, 647),
(5, 6, 648),
(4, 6, 649),
(5, 6, 649),
(4, 6, 650),
(5, 6, 650),
(4, 2, 651),
(5, 6, 651),
(4, 2, 652),
(5, 6, 652),
(4, 1, 653),
(5, 6, 653),
(4, 1, 654),
(5, 6, 654),
(4, 1, 655),
(5, 6, 655),
(4, 1, 656),
(5, 6, 656),
(4, 1, 657),
(5, 6, 657),
(5, 6, 658),
(5, 6, 659),
(5, 6, 660),
(5, 6, 661),
(5, 6, 662),
(5, 6, 663),
(5, 6, 664),
(4, 6, 665),
(5, 6, 665),
(4, 4, 666),
(5, 6, 666),
(4, 6, 667),
(5, 6, 667),
(4, 6, 668),
(5, 6, 668),
(4, 6, 669),
(5, 6, 669),
(4, 6, 670),
(5, 6, 670),
(4, 1, 671),
(5, 6, 671),
(5, 6, 672),
(5, 6, 673),
(5, 6, 674),
(5, 6, 675),
(5, 6, 676),
(5, 6, 677),
(4, 6, 678),
(5, 6, 678),
(4, 6, 679),
(5, 6, 679),
(4, 3, 680),
(5, 6, 680),
(4, 3, 681),
(5, 6, 681),
(4, 3, 682),
(5, 6, 682),
(4, 6, 683),
(5, 6, 683),
(4, 6, 684),
(5, 6, 684),
(4, 1, 685),
(5, 6, 685),
(4, 6, 686),
(5, 6, 686),
(4, 4, 687),
(5, 6, 687),
(4, 6, 688),
(5, 6, 688),
(5, 6, 689),
(5, 6, 690),
(5, 6, 691),
(5, 6, 692),
(5, 6, 693),
(4, 3, 694),
(5, 6, 694),
(4, 6, 695),
(5, 6, 695),
(4, 6, 696),
(5, 6, 696),
(4, 6, 697),
(5, 6, 697),
(4, 6, 698),
(5, 6, 698),
(4, 1, 699),
(5, 6, 699),
(4, 6, 700),
(5, 6, 700),
(4, 6, 701),
(5, 6, 701),
(4, 6, 702),
(5, 6, 702),
(4, 1, 703),
(5, 6, 703),
(5, 6, 704),
(5, 6, 705),
(5, 6, 706),
(5, 6, 707),
(5, 6, 708),
(5, 6, 709),
(5, 6, 710),
(4, 3, 711),
(5, 6, 711),
(4, 3, 712),
(5, 6, 712),
(4, 3, 713),
(5, 6, 713),
(4, 2, 714),
(5, 6, 714),
(4, 1, 715),
(5, 6, 715),
(5, 6, 716),
(5, 6, 717),
(5, 6, 718),
(5, 6, 719),
(4, 3, 720),
(5, 6, 720),
(4, 2, 721),
(5, 6, 721),
(4, 2, 722),
(5, 6, 722),
(4, 6, 723),
(5, 6, 723),
(4, 6, 724),
(5, 6, 724),
(4, 2, 725),
(5, 6, 725),
(4, 1, 726),
(5, 6, 726),
(5, 6, 727),
(5, 6, 728),
(5, 6, 729),
(4, 6, 730),
(5, 6, 730),
(4, 6, 731),
(5, 6, 731),
(4, 6, 732),
(5, 6, 732),
(4, 6, 733),
(5, 6, 733),
(4, 2, 734),
(5, 6, 734),
(5, 6, 735),
(5, 6, 736),
(5, 6, 737),
(5, 6, 738),
(5, 6, 739),
(5, 6, 740),
(5, 6, 741),
(4, 3, 742),
(5, 6, 742),
(4, 6, 743),
(5, 6, 743),
(4, 4, 744),
(5, 6, 744),
(4, 6, 745),
(5, 6, 745),
(4, 6, 746),
(5, 6, 746),
(4, 6, 747),
(5, 6, 747),
(5, 6, 748),
(5, 6, 749),
(5, 6, 750),
(5, 6, 751),
(5, 6, 752),
(4, 6, 753),
(5, 6, 753),
(4, 3, 754),
(5, 6, 754),
(4, 3, 755),
(5, 6, 755),
(4, 3, 756),
(5, 6, 756),
(4, 6, 757),
(5, 6, 757),
(4, 6, 758),
(5, 6, 758),
(4, 6, 759),
(5, 6, 759),
(4, 6, 760),
(5, 6, 760),
(4, 6, 761),
(5, 6, 761),
(4, 6, 762),
(5, 6, 762),
(4, 6, 763),
(5, 6, 763),
(4, 7, 764),
(5, 6, 764),
(5, 6, 765),
(5, 6, 766),
(5, 6, 767),
(5, 6, 768),
(5, 6, 769),
(5, 6, 770),
(5, 6, 771);

-- --------------------------------------------------------

--
-- Structure de la table `level`
--

DROP TABLE IF EXISTS `level`;
CREATE TABLE IF NOT EXISTS `level` (
  `id` int(11) NOT NULL AUTO_INCREMENT,
  `Name` text,
  `Width` int(11) DEFAULT NULL,
  `Height` int(11) DEFAULT NULL,
  `DiamondsNumber` int(11) DEFAULT NULL,
  PRIMARY KEY (`id`)
) ENGINE=MyISAM AUTO_INCREMENT=6 DEFAULT CHARSET=latin1;

--
-- Déchargement des données de la table `level`
--

INSERT INTO `level` (`id`, `Name`, `Width`, `Height`, `DiamondsNumber`) VALUES
(1, 'Niveau_1', 10, 10, 5),
(2, 'Niveau_2', 10, 10, 7),
(3, 'Niveau_3', 15, 10, 11),
(4, 'Niveau_4', 25, 17, 12),
(5, 'Niveau_5', 25, 31, 20);

-- --------------------------------------------------------

--
-- Structure de la table `positions`
--

DROP TABLE IF EXISTS `positions`;
CREATE TABLE IF NOT EXISTS `positions` (
  `id` int(11) NOT NULL AUTO_INCREMENT,
  `PosX` int(11) DEFAULT NULL,
  `PosY` int(11) DEFAULT NULL,
  PRIMARY KEY (`id`)
) ENGINE=MyISAM AUTO_INCREMENT=772 DEFAULT CHARSET=latin1;

--
-- Déchargement des données de la table `positions`
--

INSERT INTO `positions` (`id`, `PosX`, `PosY`) VALUES
(1, 5, 29),
(2, 4, 9),
(3, 5, 19),
(4, 6, 13),
(5, 10, 1),
(6, 13, 20),
(7, 15, 10),
(8, 19, 26),
(9, 22, 27),
(10, 0, 0),
(11, 0, 1),
(12, 0, 2),
(13, 0, 3),
(14, 0, 4),
(15, 0, 5),
(16, 0, 6),
(17, 0, 7),
(18, 0, 8),
(19, 0, 9),
(20, 0, 10),
(21, 0, 11),
(22, 0, 12),
(23, 0, 13),
(24, 0, 14),
(25, 0, 15),
(26, 0, 16),
(27, 0, 17),
(28, 0, 18),
(29, 0, 19),
(30, 0, 20),
(31, 0, 21),
(32, 0, 22),
(33, 0, 23),
(34, 0, 24),
(35, 0, 25),
(36, 0, 26),
(37, 0, 27),
(38, 0, 28),
(39, 0, 29),
(40, 0, 30),
(41, 24, 0),
(42, 24, 1),
(43, 24, 2),
(44, 24, 3),
(45, 24, 4),
(46, 24, 5),
(47, 24, 6),
(48, 24, 7),
(49, 24, 8),
(50, 24, 9),
(51, 24, 10),
(52, 24, 11),
(53, 24, 12),
(54, 24, 13),
(55, 24, 14),
(56, 24, 15),
(57, 24, 16),
(58, 24, 17),
(59, 24, 18),
(60, 24, 19),
(61, 24, 20),
(62, 24, 21),
(63, 24, 22),
(64, 24, 23),
(65, 24, 24),
(66, 24, 25),
(67, 24, 26),
(68, 24, 27),
(69, 24, 28),
(70, 24, 29),
(71, 24, 30),
(72, 1, 0),
(73, 1, 30),
(74, 2, 0),
(75, 2, 30),
(76, 3, 0),
(77, 3, 30),
(78, 4, 0),
(79, 4, 30),
(80, 5, 0),
(81, 5, 30),
(82, 6, 0),
(83, 6, 30),
(84, 7, 0),
(85, 7, 30),
(86, 8, 0),
(87, 8, 30),
(88, 9, 0),
(89, 9, 30),
(90, 10, 0),
(91, 10, 30),
(92, 11, 0),
(93, 11, 30),
(94, 12, 0),
(95, 12, 30),
(96, 13, 0),
(97, 13, 30),
(98, 14, 0),
(99, 14, 30),
(100, 15, 0),
(101, 15, 30),
(102, 16, 0),
(103, 16, 30),
(104, 17, 0),
(105, 17, 30),
(106, 18, 0),
(107, 18, 30),
(108, 19, 0),
(109, 19, 30),
(110, 20, 0),
(111, 20, 30),
(112, 21, 0),
(113, 21, 30),
(114, 22, 0),
(115, 22, 30),
(116, 23, 0),
(117, 23, 30),
(118, 1, 13),
(119, 1, 14),
(120, 1, 15),
(121, 2, 24),
(122, 3, 4),
(123, 3, 5),
(124, 3, 6),
(125, 3, 7),
(126, 3, 17),
(127, 3, 18),
(128, 3, 19),
(129, 3, 24),
(130, 4, 4),
(131, 4, 5),
(132, 4, 6),
(133, 4, 7),
(134, 4, 24),
(135, 5, 24),
(136, 6, 15),
(137, 6, 24),
(138, 7, 1),
(139, 7, 15),
(140, 7, 24),
(141, 7, 25),
(142, 7, 26),
(143, 8, 1),
(144, 8, 15),
(145, 8, 18),
(146, 8, 19),
(147, 8, 24),
(148, 9, 13),
(149, 9, 14),
(150, 9, 15),
(151, 9, 16),
(152, 9, 17),
(153, 9, 18),
(154, 9, 19),
(155, 9, 20),
(156, 9, 24),
(157, 10, 15),
(158, 10, 20),
(159, 10, 24),
(160, 11, 5),
(161, 11, 15),
(162, 12, 5),
(163, 12, 6),
(164, 12, 7),
(165, 12, 8),
(166, 12, 15),
(167, 13, 5),
(168, 13, 15),
(169, 14, 5),
(170, 14, 15),
(171, 15, 5),
(172, 16, 5),
(173, 16, 20),
(174, 16, 21),
(175, 16, 22),
(176, 16, 23),
(177, 16, 24),
(178, 16, 25),
(179, 17, 23),
(180, 17, 24),
(181, 17, 25),
(182, 17, 26),
(183, 17, 27),
(184, 17, 28),
(185, 17, 29),
(186, 18, 23),
(187, 19, 9),
(188, 19, 10),
(189, 19, 11),
(190, 19, 12),
(191, 19, 13),
(192, 19, 14),
(193, 19, 23),
(194, 20, 13),
(195, 20, 23),
(196, 21, 13),
(197, 2, 4),
(198, 5, 11),
(199, 5, 23),
(200, 11, 16),
(201, 13, 4),
(202, 18, 29),
(203, 19, 24),
(204, 20, 12),
(205, 22, 29),
(206, 1, 2),
(207, 1, 5),
(208, 1, 11),
(209, 1, 17),
(210, 1, 25),
(211, 2, 3),
(212, 2, 7),
(213, 2, 17),
(214, 2, 20),
(215, 2, 28),
(216, 2, 29),
(217, 3, 2),
(218, 3, 11),
(219, 3, 12),
(220, 3, 16),
(221, 3, 20),
(222, 3, 26),
(223, 3, 29),
(224, 4, 14),
(225, 4, 16),
(226, 4, 21),
(227, 4, 22),
(228, 4, 26),
(229, 5, 4),
(230, 5, 5),
(231, 5, 22),
(232, 5, 26),
(233, 5, 27),
(234, 6, 1),
(235, 6, 2),
(236, 6, 5),
(237, 6, 22),
(238, 6, 26),
(239, 7, 3),
(240, 7, 5),
(241, 7, 7),
(242, 7, 11),
(243, 7, 18),
(244, 7, 19),
(245, 7, 27),
(246, 9, 4),
(247, 9, 5),
(248, 9, 6),
(249, 9, 12),
(250, 9, 21),
(251, 9, 22),
(252, 9, 23),
(253, 9, 26),
(254, 9, 27),
(255, 9, 29),
(256, 10, 4),
(257, 10, 10),
(258, 10, 11),
(259, 10, 12),
(260, 10, 16),
(261, 11, 13),
(262, 12, 4),
(263, 12, 11),
(264, 12, 13),
(265, 12, 17),
(266, 12, 25),
(267, 12, 26),
(268, 13, 6),
(269, 13, 13),
(270, 13, 16),
(271, 13, 17),
(272, 13, 21),
(273, 13, 25),
(274, 13, 29),
(275, 14, 3),
(276, 14, 6),
(277, 14, 7),
(278, 14, 17),
(279, 14, 22),
(280, 15, 1),
(281, 15, 6),
(282, 15, 27),
(283, 16, 1),
(284, 16, 4),
(285, 16, 14),
(286, 16, 15),
(287, 17, 1),
(288, 17, 7),
(289, 17, 11),
(290, 18, 9),
(291, 18, 11),
(292, 18, 20),
(293, 19, 17),
(294, 19, 18),
(295, 19, 20),
(296, 19, 29),
(297, 20, 3),
(298, 20, 4),
(299, 20, 5),
(300, 20, 10),
(301, 20, 11),
(302, 20, 18),
(303, 20, 19),
(304, 20, 20),
(305, 20, 28),
(306, 20, 29),
(307, 21, 4),
(308, 21, 5),
(309, 21, 6),
(310, 21, 7),
(311, 21, 9),
(312, 21, 19),
(313, 21, 24),
(314, 21, 29),
(315, 22, 7),
(316, 22, 13),
(317, 22, 21),
(318, 23, 12),
(319, 23, 13),
(320, 23, 18),
(321, 23, 21),
(322, 23, 29),
(323, 1, 26),
(324, 1, 29),
(325, 2, 9),
(326, 2, 12),
(327, 2, 14),
(328, 3, 9),
(329, 3, 14),
(330, 3, 28),
(331, 4, 3),
(332, 4, 10),
(333, 4, 11),
(334, 4, 12),
(335, 4, 13),
(336, 4, 28),
(337, 4, 29),
(338, 5, 3),
(339, 5, 9),
(340, 5, 10),
(341, 5, 13),
(342, 5, 14),
(343, 5, 20),
(344, 6, 9),
(345, 6, 10),
(346, 6, 11),
(347, 6, 12),
(348, 6, 14),
(349, 6, 19),
(350, 6, 20),
(351, 6, 29),
(352, 7, 2),
(353, 7, 9),
(354, 7, 14),
(355, 7, 16),
(356, 7, 17),
(357, 7, 29),
(358, 8, 4),
(359, 8, 5),
(360, 8, 9),
(361, 8, 22),
(362, 8, 29),
(363, 9, 1),
(364, 9, 2),
(365, 10, 2),
(366, 10, 8),
(367, 10, 19),
(368, 10, 21),
(369, 10, 29),
(370, 11, 1),
(371, 11, 2),
(372, 11, 8),
(373, 11, 19),
(374, 11, 20),
(375, 11, 21),
(376, 11, 29),
(377, 12, 1),
(378, 12, 2),
(379, 12, 19),
(380, 12, 20),
(381, 12, 21),
(382, 12, 29),
(383, 13, 19),
(384, 14, 9),
(385, 14, 10),
(386, 14, 11),
(387, 14, 12),
(388, 14, 19),
(389, 14, 20),
(390, 14, 21),
(391, 14, 24),
(392, 14, 29),
(393, 15, 9),
(394, 15, 11),
(395, 15, 12),
(396, 15, 19),
(397, 15, 20),
(398, 15, 21),
(399, 15, 24),
(400, 15, 29),
(401, 16, 9),
(402, 16, 10),
(403, 16, 11),
(404, 16, 12),
(405, 16, 29),
(406, 17, 15),
(407, 17, 16),
(408, 17, 17),
(409, 18, 4),
(410, 18, 5),
(411, 18, 6),
(412, 18, 15),
(413, 18, 26),
(414, 18, 27),
(415, 18, 28),
(416, 19, 2),
(417, 19, 4),
(418, 19, 5),
(419, 19, 6),
(420, 19, 8),
(421, 19, 27),
(422, 19, 28),
(423, 20, 2),
(424, 20, 8),
(425, 20, 24),
(426, 20, 25),
(427, 20, 26),
(428, 20, 27),
(429, 21, 2),
(430, 21, 8),
(431, 21, 14),
(432, 21, 16),
(433, 21, 26),
(434, 21, 27),
(435, 21, 28),
(436, 22, 2),
(437, 22, 4),
(438, 22, 5),
(439, 22, 10),
(440, 22, 11),
(441, 22, 15),
(442, 22, 16),
(443, 22, 17),
(444, 22, 24),
(445, 22, 25),
(446, 22, 26),
(447, 22, 28),
(448, 23, 2),
(449, 23, 16),
(450, 23, 25),
(451, 23, 26),
(452, 23, 27),
(453, 23, 28),
(454, 1, 22),
(455, 2, 22),
(456, 5, 7),
(457, 1, 1),
(458, 1, 3),
(459, 1, 4),
(460, 1, 6),
(461, 1, 7),
(462, 1, 8),
(463, 1, 9),
(464, 1, 10),
(465, 1, 12),
(466, 1, 16),
(467, 1, 18),
(468, 1, 19),
(469, 1, 20),
(470, 1, 21),
(471, 1, 23),
(472, 1, 24),
(473, 1, 27),
(474, 1, 28),
(475, 2, 1),
(476, 2, 2),
(477, 2, 5),
(478, 2, 6),
(479, 2, 8),
(480, 2, 10),
(481, 2, 11),
(482, 2, 13),
(483, 2, 15),
(484, 2, 16),
(485, 2, 18),
(486, 2, 19),
(487, 2, 21),
(488, 2, 23),
(489, 2, 25),
(490, 2, 27),
(491, 3, 1),
(492, 3, 3),
(493, 3, 8),
(494, 3, 10),
(495, 3, 13),
(496, 3, 15),
(497, 3, 21),
(498, 3, 22),
(499, 3, 23),
(500, 3, 25),
(501, 3, 27),
(502, 4, 1),
(503, 4, 2),
(504, 4, 8),
(505, 4, 15),
(506, 4, 17),
(507, 4, 18),
(508, 4, 19),
(509, 4, 20),
(510, 4, 25),
(511, 4, 27),
(512, 5, 1),
(513, 5, 2),
(514, 5, 6),
(515, 5, 8),
(516, 5, 12),
(517, 5, 15),
(518, 5, 16),
(519, 5, 17),
(520, 5, 18),
(521, 5, 21),
(522, 5, 25),
(523, 5, 28),
(524, 6, 3),
(525, 6, 4),
(526, 6, 6),
(527, 6, 7),
(528, 6, 8),
(529, 6, 16),
(530, 6, 17),
(531, 6, 18),
(532, 6, 21),
(533, 6, 23),
(534, 6, 25),
(535, 6, 27),
(536, 6, 28),
(537, 7, 4),
(538, 7, 6),
(539, 7, 8),
(540, 7, 10),
(541, 7, 12),
(542, 7, 13),
(543, 7, 20),
(544, 7, 21),
(545, 7, 22),
(546, 7, 23),
(547, 7, 28),
(548, 8, 2),
(549, 8, 3),
(550, 8, 6),
(551, 8, 7),
(552, 8, 8),
(553, 8, 10),
(554, 8, 11),
(555, 8, 12),
(556, 8, 13),
(557, 8, 14),
(558, 8, 16),
(559, 8, 17),
(560, 8, 20),
(561, 8, 21),
(562, 8, 23),
(563, 8, 25),
(564, 8, 26),
(565, 8, 27),
(566, 8, 28),
(567, 9, 3),
(568, 9, 7),
(569, 9, 8),
(570, 9, 9),
(571, 9, 10),
(572, 9, 11),
(573, 9, 25),
(574, 9, 28),
(575, 10, 3),
(576, 10, 5),
(577, 10, 6),
(578, 10, 7),
(579, 10, 9),
(580, 10, 13),
(581, 10, 14),
(582, 10, 17),
(583, 10, 18),
(584, 10, 22),
(585, 10, 23),
(586, 10, 25),
(587, 10, 26),
(588, 10, 27),
(589, 10, 28),
(590, 11, 3),
(591, 11, 4),
(592, 11, 6),
(593, 11, 7),
(594, 11, 9),
(595, 11, 10),
(596, 11, 11),
(597, 11, 12),
(598, 11, 14),
(599, 11, 17),
(600, 11, 18),
(601, 11, 22),
(602, 11, 23),
(603, 11, 24),
(604, 11, 25),
(605, 11, 26),
(606, 11, 27),
(607, 11, 28),
(608, 12, 3),
(609, 12, 9),
(610, 12, 10),
(611, 12, 12),
(612, 12, 14),
(613, 12, 16),
(614, 12, 18),
(615, 12, 22),
(616, 12, 23),
(617, 12, 24),
(618, 12, 27),
(619, 12, 28),
(620, 13, 1),
(621, 13, 2),
(622, 13, 3),
(623, 13, 7),
(624, 13, 8),
(625, 13, 9),
(626, 13, 10),
(627, 13, 11),
(628, 13, 12),
(629, 13, 14),
(630, 13, 18),
(631, 13, 23),
(632, 13, 24),
(633, 13, 26),
(634, 13, 27),
(635, 13, 28),
(636, 14, 1),
(637, 14, 2),
(638, 14, 4),
(639, 14, 8),
(640, 14, 13),
(641, 14, 14),
(642, 14, 16),
(643, 14, 18),
(644, 14, 23),
(645, 14, 25),
(646, 14, 26),
(647, 14, 27),
(648, 14, 28),
(649, 15, 2),
(650, 15, 3),
(651, 15, 4),
(652, 15, 7),
(653, 15, 8),
(654, 15, 13),
(655, 15, 14),
(656, 15, 15),
(657, 15, 16),
(658, 15, 17),
(659, 15, 18),
(660, 15, 22),
(661, 15, 23),
(662, 15, 25),
(663, 15, 26),
(664, 15, 28),
(665, 16, 2),
(666, 16, 3),
(667, 16, 6),
(668, 16, 7),
(669, 16, 8),
(670, 16, 13),
(671, 16, 16),
(672, 16, 17),
(673, 16, 18),
(674, 16, 19),
(675, 16, 26),
(676, 16, 27),
(677, 16, 28),
(678, 17, 2),
(679, 17, 3),
(680, 17, 4),
(681, 17, 5),
(682, 17, 6),
(683, 17, 8),
(684, 17, 9),
(685, 17, 10),
(686, 17, 12),
(687, 17, 13),
(688, 17, 14),
(689, 17, 18),
(690, 17, 19),
(691, 17, 20),
(692, 17, 21),
(693, 17, 22),
(694, 18, 1),
(695, 18, 2),
(696, 18, 3),
(697, 18, 7),
(698, 18, 8),
(699, 18, 10),
(700, 18, 12),
(701, 18, 13),
(702, 18, 14),
(703, 18, 16),
(704, 18, 17),
(705, 18, 18),
(706, 18, 19),
(707, 18, 21),
(708, 18, 22),
(709, 18, 24),
(710, 18, 25),
(711, 19, 1),
(712, 19, 3),
(713, 19, 7),
(714, 19, 15),
(715, 19, 16),
(716, 19, 19),
(717, 19, 21),
(718, 19, 22),
(719, 19, 25),
(720, 20, 1),
(721, 20, 6),
(722, 20, 7),
(723, 20, 9),
(724, 20, 14),
(725, 20, 15),
(726, 20, 16),
(727, 20, 17),
(728, 20, 21),
(729, 20, 22),
(730, 21, 1),
(731, 21, 3),
(732, 21, 11),
(733, 21, 12),
(734, 21, 15),
(735, 21, 17),
(736, 21, 18),
(737, 21, 20),
(738, 21, 21),
(739, 21, 22),
(740, 21, 23),
(741, 21, 25),
(742, 22, 1),
(743, 22, 3),
(744, 22, 8),
(745, 22, 9),
(746, 22, 12),
(747, 22, 14),
(748, 22, 18),
(749, 22, 19),
(750, 22, 20),
(751, 22, 22),
(752, 22, 23),
(753, 23, 1),
(754, 23, 3),
(755, 23, 4),
(756, 23, 5),
(757, 23, 6),
(758, 23, 7),
(759, 23, 8),
(760, 23, 9),
(761, 23, 10),
(762, 23, 11),
(763, 23, 14),
(764, 23, 15),
(765, 23, 17),
(766, 23, 22),
(767, 23, 23),
(768, 23, 24),
(769, 4, 23),
(770, 23, 19),
(771, 23, 20);

-- --------------------------------------------------------

--
-- Structure de la table `temp`
--

DROP TABLE IF EXISTS `temp`;
CREATE TABLE IF NOT EXISTS `temp` (
  `NomNiveau` text,
  `NomComposant` text,
  `PositionX` int(11) DEFAULT NULL,
  `PositionY` int(11) DEFAULT NULL
) ENGINE=MyISAM DEFAULT CHARSET=latin1;

--
-- Déchargement des données de la table `temp`
--

INSERT INTO `temp` (`NomNiveau`, `NomComposant`, `PositionX`, `PositionY`) VALUES
('Niveau_1', 'Wall', 0, 0),
('Niveau_1', 'Wall', 0, 1),
('Niveau_1', 'Wall', 0, 2),
('Niveau_1', 'Wall', 0, 3),
('Niveau_1', 'Wall', 0, 4),
('Niveau_1', 'Wall', 0, 5),
('Niveau_1', 'Wall', 0, 6),
('Niveau_1', 'Wall', 0, 7),
('Niveau_1', 'Wall', 0, 8),
('Niveau_1', 'Wall', 0, 9),
('Niveau_1', 'Wall', 1, 0),
('Niveau_1', 'Wall', 1, 9),
('Niveau_1', 'Wall', 2, 0),
('Niveau_1', 'Wall', 2, 9),
('Niveau_1', 'Wall', 3, 0),
('Niveau_1', 'Wall', 3, 9),
('Niveau_1', 'Wall', 4, 0),
('Niveau_1', 'Wall', 4, 9),
('Niveau_1', 'Wall', 5, 0),
('Niveau_1', 'Wall', 5, 9),
('Niveau_1', 'Wall', 6, 0),
('Niveau_1', 'Wall', 6, 9),
('Niveau_1', 'Wall', 7, 0),
('Niveau_1', 'Wall', 7, 9),
('Niveau_1', 'Wall', 8, 0),
('Niveau_1', 'Wall', 8, 9),
('Niveau_1', 'Wall', 9, 0),
('Niveau_1', 'Wall', 9, 1),
('Niveau_1', 'Wall', 9, 2),
('Niveau_1', 'Wall', 9, 3),
('Niveau_1', 'Wall', 9, 4),
('Niveau_1', 'Wall', 9, 5),
('Niveau_1', 'Wall', 9, 6),
('Niveau_1', 'Wall', 9, 7),
('Niveau_1', 'Wall', 9, 8),
('Niveau_1', 'Wall', 9, 9),
('Niveau_1', 'Digged', 1, 2),
('Niveau_1', 'Digged', 1, 5),
('Niveau_1', 'Digged', 1, 7),
('Niveau_1', 'Digged', 2, 5),
('Niveau_1', 'Digged', 2, 6),
('Niveau_1', 'Digged', 6, 6),
('Niveau_1', 'Digged', 6, 7),
('Niveau_1', 'Digged', 8, 4),
('Niveau_1', 'Digged', 8, 5),
('Niveau_1', 'Digged', 8, 6),
('Niveau_1', 'Digged', 8, 7),
('Niveau_1', 'Rock', 2, 2),
('Niveau_1', 'Rock', 2, 3),
('Niveau_1', 'Rock', 2, 7),
('Niveau_1', 'Rock', 3, 1),
('Niveau_1', 'Rock', 3, 5),
('Niveau_1', 'Rock', 4, 1),
('Niveau_1', 'Rock', 4, 4),
('Niveau_1', 'Rock', 4, 5),
('Niveau_1', 'Rock', 4, 6),
('Niveau_1', 'Diamond', 1, 6),
('Niveau_1', 'Diamond', 4, 2),
('Niveau_1', 'Diamond', 4, 7),
('Niveau_1', 'Diamond', 7, 1),
('Niveau_1', 'Diamond', 7, 5),
('Niveau_1', 'Player', 1, 3),
('Niveau_1', 'Rock', 5, 2),
('Niveau_1', 'Rock', 5, 4),
('Niveau_1', 'Rock', 5, 7),
('Niveau_1', 'Rock', 6, 3),
('Niveau_1', 'Rock', 6, 8),
('Niveau_1', 'Rock', 7, 4),
('Niveau_1', 'Rock', 7, 7),
('Niveau_1', 'Rock', 7, 8),
('Niveau_1', 'Rock', 8, 2),
('Niveau_1', 'Dirt', 1, 1),
('Niveau_1', 'Dirt', 1, 4),
('Niveau_1', 'Dirt', 1, 8),
('Niveau_1', 'Dirt', 2, 1),
('Niveau_1', 'Dirt', 2, 4),
('Niveau_1', 'Dirt', 2, 8),
('Niveau_1', 'Dirt', 3, 2),
('Niveau_1', 'Dirt', 3, 3),
('Niveau_1', 'Dirt', 3, 4),
('Niveau_1', 'Dirt', 3, 6),
('Niveau_1', 'Dirt', 3, 7),
('Niveau_1', 'Dirt', 3, 8),
('Niveau_1', 'Dirt', 4, 3),
('Niveau_1', 'Dirt', 4, 8),
('Niveau_1', 'Dirt', 5, 1),
('Niveau_1', 'Dirt', 5, 3),
('Niveau_1', 'Dirt', 5, 5),
('Niveau_1', 'Dirt', 5, 6),
('Niveau_1', 'Dirt', 5, 8),
('Niveau_1', 'Dirt', 6, 1),
('Niveau_1', 'Dirt', 6, 2),
('Niveau_1', 'Dirt', 6, 4),
('Niveau_1', 'Dirt', 6, 5),
('Niveau_1', 'Dirt', 7, 2),
('Niveau_1', 'Dirt', 7, 3),
('Niveau_1', 'Dirt', 7, 6),
('Niveau_1', 'Dirt', 8, 1),
('Niveau_1', 'Dirt', 8, 3),
('Niveau_1', 'Dirt', 8, 8),
('Niveau_2', 'Wall', 0, 0),
('Niveau_2', 'Wall', 0, 1),
('Niveau_2', 'Wall', 0, 2),
('Niveau_2', 'Wall', 0, 3),
('Niveau_2', 'Wall', 0, 4),
('Niveau_2', 'Wall', 0, 5),
('Niveau_2', 'Wall', 0, 6),
('Niveau_2', 'Wall', 0, 7),
('Niveau_2', 'Wall', 0, 8),
('Niveau_2', 'Wall', 0, 9),
('Niveau_2', 'Wall', 1, 0),
('Niveau_2', 'Wall', 1, 9),
('Niveau_2', 'Wall', 2, 0),
('Niveau_2', 'Wall', 2, 9),
('Niveau_2', 'Wall', 3, 0),
('Niveau_2', 'Wall', 3, 9),
('Niveau_2', 'Wall', 4, 0),
('Niveau_2', 'Wall', 4, 9),
('Niveau_2', 'Wall', 5, 0),
('Niveau_2', 'Wall', 5, 9),
('Niveau_2', 'Wall', 6, 0),
('Niveau_2', 'Wall', 6, 9),
('Niveau_2', 'Wall', 7, 0),
('Niveau_2', 'Wall', 7, 9),
('Niveau_2', 'Wall', 8, 0),
('Niveau_2', 'Wall', 8, 9),
('Niveau_2', 'Wall', 9, 0),
('Niveau_2', 'Wall', 9, 1),
('Niveau_2', 'Wall', 9, 2),
('Niveau_2', 'Wall', 9, 3),
('Niveau_2', 'Wall', 9, 4),
('Niveau_2', 'Wall', 9, 5),
('Niveau_2', 'Wall', 9, 6),
('Niveau_2', 'Wall', 9, 7),
('Niveau_2', 'Wall', 9, 8),
('Niveau_2', 'Wall', 9, 9),
('Niveau_2', 'Digged', 1, 4),
('Niveau_2', 'Digged', 2, 3),
('Niveau_2', 'Digged', 2, 4),
('Niveau_2', 'Digged', 6, 4),
('Niveau_2', 'Digged', 6, 5),
('Niveau_2', 'Digged', 6, 6),
('Niveau_2', 'Digged', 6, 8),
('Niveau_2', 'Digged', 7, 4),
('Niveau_2', 'Digged', 7, 6),
('Niveau_2', 'Digged', 8, 8),
('Niveau_2', 'Diamond', 1, 1),
('Niveau_2', 'Diamond', 1, 5),
('Niveau_2', 'Diamond', 4, 5),
('Niveau_2', 'Diamond', 7, 2),
('Niveau_2', 'Diamond', 8, 6),
('Niveau_2', 'Player', 3, 8),
('Niveau_2', 'Enemy', 1, 3),
('Niveau_2', 'Enemy', 7, 5),
('Niveau_2', 'Rock', 2, 1),
('Niveau_2', 'Rock', 2, 6),
('Niveau_2', 'Rock', 2, 7),
('Niveau_2', 'Rock', 2, 8),
('Niveau_2', 'Rock', 3, 2),
('Niveau_2', 'Rock', 3, 3),
('Niveau_2', 'Rock', 4, 1),
('Niveau_2', 'Rock', 4, 4),
('Niveau_2', 'Rock', 4, 6),
('Niveau_2', 'Rock', 5, 2),
('Niveau_2', 'Rock', 5, 4),
('Niveau_2', 'Rock', 5, 6),
('Niveau_2', 'Rock', 5, 8),
('Niveau_2', 'Rock', 7, 1),
('Niveau_2', 'Rock', 7, 7),
('Niveau_2', 'Rock', 7, 8),
('Niveau_2', 'Rock', 8, 3),
('Niveau_2', 'Rock', 8, 4),
('Niveau_2', 'Dirt', 1, 2),
('Niveau_2', 'Dirt', 1, 6),
('Niveau_2', 'Dirt', 1, 7),
('Niveau_2', 'Dirt', 1, 8),
('Niveau_2', 'Dirt', 2, 2),
('Niveau_2', 'Dirt', 2, 5),
('Niveau_2', 'Dirt', 3, 1),
('Niveau_2', 'Dirt', 3, 4),
('Niveau_2', 'Dirt', 3, 5),
('Niveau_2', 'Dirt', 3, 6),
('Niveau_2', 'Dirt', 3, 7),
('Niveau_2', 'Dirt', 4, 2),
('Niveau_2', 'Dirt', 4, 3),
('Niveau_2', 'Dirt', 4, 7),
('Niveau_2', 'Dirt', 4, 8),
('Niveau_2', 'Dirt', 5, 1),
('Niveau_2', 'Dirt', 5, 3),
('Niveau_2', 'Dirt', 5, 5),
('Niveau_2', 'Dirt', 5, 7),
('Niveau_2', 'Dirt', 6, 1),
('Niveau_2', 'Dirt', 6, 2),
('Niveau_2', 'Dirt', 6, 3),
('Niveau_2', 'Dirt', 6, 7),
('Niveau_2', 'Dirt', 7, 3),
('Niveau_2', 'Dirt', 8, 1),
('Niveau_2', 'Dirt', 8, 2),
('Niveau_2', 'Dirt', 8, 5),
('Niveau_2', 'Dirt', 8, 7),
('Niveau_3', 'Wall', 0, 0),
('Niveau_3', 'Wall', 0, 1),
('Niveau_3', 'Wall', 0, 2),
('Niveau_3', 'Wall', 0, 3),
('Niveau_3', 'Wall', 0, 4),
('Niveau_3', 'Wall', 0, 5),
('Niveau_3', 'Wall', 0, 6),
('Niveau_3', 'Wall', 0, 7),
('Niveau_3', 'Wall', 0, 8),
('Niveau_3', 'Wall', 0, 9),
('Niveau_3', 'Wall', 1, 0),
('Niveau_3', 'Wall', 1, 9),
('Niveau_3', 'Wall', 2, 0),
('Niveau_3', 'Wall', 2, 9),
('Niveau_3', 'Wall', 3, 0),
('Niveau_3', 'Wall', 3, 9),
('Niveau_3', 'Wall', 4, 0),
('Niveau_3', 'Wall', 4, 9),
('Niveau_3', 'Wall', 5, 0),
('Niveau_3', 'Wall', 5, 9),
('Niveau_3', 'Wall', 6, 0),
('Niveau_3', 'Wall', 6, 9),
('Niveau_3', 'Wall', 7, 0),
('Niveau_3', 'Wall', 7, 9),
('Niveau_3', 'Wall', 8, 0),
('Niveau_3', 'Wall', 8, 9),
('Niveau_3', 'Wall', 9, 0),
('Niveau_3', 'Wall', 9, 9),
('Niveau_3', 'Wall', 10, 0),
('Niveau_3', 'Wall', 10, 9),
('Niveau_3', 'Wall', 11, 0),
('Niveau_3', 'Wall', 11, 9),
('Niveau_3', 'Wall', 12, 0),
('Niveau_3', 'Wall', 12, 9),
('Niveau_3', 'Wall', 13, 0),
('Niveau_3', 'Wall', 13, 9),
('Niveau_3', 'Wall', 14, 0),
('Niveau_3', 'Wall', 14, 1),
('Niveau_3', 'Wall', 14, 2),
('Niveau_3', 'Wall', 14, 3),
('Niveau_3', 'Wall', 14, 4),
('Niveau_3', 'Wall', 14, 5),
('Niveau_3', 'Wall', 14, 6),
('Niveau_3', 'Wall', 14, 7),
('Niveau_3', 'Wall', 14, 8),
('Niveau_3', 'Wall', 14, 9),
('Niveau_3', 'Wall', 11, 1),
('Niveau_3', 'Wall', 11, 2),
('Niveau_3', 'Wall', 7, 6),
('Niveau_3', 'Wall', 7, 7),
('Niveau_3', 'Wall', 7, 8),
('Niveau_3', 'Player', 1, 8),
('Niveau_3', 'Enemy', 5, 2),
('Niveau_3', 'Enemy', 8, 3),
('Niveau_3', 'Enemy', 12, 8),
('Niveau_3', 'Diamond', 2, 1),
('Niveau_3', 'Diamond', 3, 6),
('Niveau_3', 'Diamond', 4, 8),
('Niveau_3', 'Diamond', 6, 1),
('Niveau_3', 'Diamond', 7, 5),
('Niveau_3', 'Diamond', 9, 8),
('Niveau_3', 'Diamond', 10, 2),
('Niveau_3', 'Rock', 1, 2),
('Niveau_3', 'Rock', 2, 4),
('Niveau_3', 'Rock', 3, 4),
('Niveau_3', 'Rock', 4, 2),
('Niveau_3', 'Rock', 4, 4),
('Niveau_3', 'Rock', 4, 6),
('Niveau_3', 'Rock', 4, 7),
('Niveau_3', 'Rock', 5, 6),
('Niveau_3', 'Rock', 5, 8),
('Niveau_3', 'Rock', 6, 2),
('Niveau_3', 'Rock', 6, 3),
('Niveau_3', 'Rock', 8, 4),
('Niveau_3', 'Rock', 9, 5),
('Niveau_3', 'Rock', 9, 6),
('Niveau_3', 'Rock', 10, 1),
('Niveau_3', 'Rock', 11, 7),
('Niveau_3', 'Rock', 11, 8),
('Niveau_3', 'Rock', 12, 2),
('Niveau_3', 'Rock', 12, 4),
('Niveau_3', 'Digged', 1, 1),
('Niveau_3', 'Digged', 1, 4),
('Niveau_3', 'Digged', 1, 7),
('Niveau_3', 'Digged', 2, 8),
('Niveau_3', 'Digged', 3, 1),
('Niveau_3', 'Digged', 4, 1),
('Niveau_3', 'Digged', 5, 1),
('Niveau_3', 'Digged', 5, 3),
('Niveau_3', 'Digged', 5, 4),
('Niveau_3', 'Digged', 6, 6),
('Niveau_3', 'Digged', 6, 7),
('Niveau_3', 'Digged', 6, 8),
('Niveau_3', 'Digged', 7, 3),
('Niveau_3', 'Digged', 7, 4),
('Niveau_3', 'Digged', 11, 4),
('Niveau_3', 'Digged', 11, 5),
('Niveau_3', 'Digged', 12, 1),
('Niveau_3', 'Digged', 12, 7),
('Niveau_3', 'Digged', 3, 2),
('Niveau_3', 'Digged', 3, 3),
('Niveau_3', 'Dirt', 1, 3),
('Niveau_3', 'Dirt', 1, 5),
('Niveau_3', 'Dirt', 1, 6),
('Niveau_3', 'Dirt', 2, 2),
('Niveau_3', 'Dirt', 2, 3),
('Niveau_3', 'Dirt', 2, 5),
('Niveau_3', 'Dirt', 2, 6),
('Niveau_3', 'Dirt', 2, 7),
('Niveau_3', 'Dirt', 3, 5),
('Niveau_3', 'Dirt', 3, 7),
('Niveau_3', 'Dirt', 3, 8),
('Niveau_3', 'Dirt', 4, 3),
('Niveau_3', 'Dirt', 4, 5),
('Niveau_3', 'Dirt', 5, 5),
('Niveau_3', 'Dirt', 6, 4),
('Niveau_3', 'Dirt', 6, 5),
('Niveau_3', 'Dirt', 7, 1),
('Niveau_3', 'Dirt', 7, 2),
('Niveau_3', 'Dirt', 8, 1),
('Niveau_3', 'Dirt', 8, 2),
('Niveau_3', 'Dirt', 8, 5),
('Niveau_3', 'Dirt', 8, 6),
('Niveau_3', 'Dirt', 8, 7),
('Niveau_3', 'Dirt', 8, 8),
('Niveau_3', 'Dirt', 9, 1),
('Niveau_3', 'Dirt', 9, 2),
('Niveau_3', 'Dirt', 9, 3),
('Niveau_3', 'Dirt', 9, 4),
('Niveau_3', 'Dirt', 9, 7),
('Niveau_3', 'Dirt', 10, 3),
('Niveau_3', 'Dirt', 10, 4),
('Niveau_3', 'Dirt', 10, 5),
('Niveau_3', 'Dirt', 10, 6),
('Niveau_3', 'Dirt', 10, 7),
('Niveau_3', 'Dirt', 10, 8),
('Niveau_3', 'Dirt', 11, 3),
('Niveau_3', 'Dirt', 11, 6),
('Niveau_3', 'Dirt', 12, 3),
('Niveau_3', 'Dirt', 12, 6),
('Niveau_3', 'Dirt', 13, 1),
('Niveau_3', 'Dirt', 13, 2),
('Niveau_3', 'Dirt', 13, 3),
('Niveau_3', 'Dirt', 13, 4),
('Niveau_3', 'Dirt', 13, 5),
('Niveau_3', 'Dirt', 13, 6),
('Niveau_3', 'Dirt', 13, 7),
('Niveau_3', 'Dirt', 13, 8),
('Niveau_3', 'Dirt', 5, 7),
('Niveau_3', 'Diamond', 12, 5),
('Niveau_4', 'Wall', 0, 0),
('Niveau_4', 'Wall', 0, 1),
('Niveau_4', 'Wall', 0, 2),
('Niveau_4', 'Wall', 0, 3),
('Niveau_4', 'Wall', 0, 4),
('Niveau_4', 'Wall', 0, 5),
('Niveau_4', 'Wall', 0, 6),
('Niveau_4', 'Wall', 0, 7),
('Niveau_4', 'Wall', 0, 8),
('Niveau_4', 'Wall', 0, 9),
('Niveau_4', 'Wall', 0, 10),
('Niveau_4', 'Wall', 0, 11),
('Niveau_4', 'Wall', 0, 12),
('Niveau_4', 'Wall', 0, 13),
('Niveau_4', 'Wall', 0, 14),
('Niveau_4', 'Wall', 0, 15),
('Niveau_4', 'Wall', 0, 16),
('Niveau_4', 'Wall', 24, 0),
('Niveau_4', 'Wall', 24, 1),
('Niveau_4', 'Wall', 24, 2),
('Niveau_4', 'Wall', 24, 3),
('Niveau_4', 'Wall', 24, 4),
('Niveau_4', 'Wall', 24, 5),
('Niveau_4', 'Wall', 24, 6),
('Niveau_4', 'Wall', 24, 7),
('Niveau_4', 'Wall', 24, 8),
('Niveau_4', 'Wall', 24, 9),
('Niveau_4', 'Wall', 24, 10),
('Niveau_4', 'Wall', 24, 11),
('Niveau_4', 'Wall', 24, 12),
('Niveau_4', 'Wall', 24, 13),
('Niveau_4', 'Wall', 24, 14),
('Niveau_4', 'Wall', 24, 15),
('Niveau_4', 'Wall', 24, 16),
('Niveau_4', 'Wall', 1, 0),
('Niveau_4', 'Wall', 1, 16),
('Niveau_4', 'Wall', 2, 0),
('Niveau_4', 'Wall', 2, 16),
('Niveau_4', 'Wall', 3, 0),
('Niveau_4', 'Wall', 3, 16),
('Niveau_4', 'Wall', 4, 0),
('Niveau_4', 'Wall', 4, 16),
('Niveau_4', 'Wall', 5, 0),
('Niveau_4', 'Wall', 5, 16),
('Niveau_4', 'Wall', 6, 0),
('Niveau_4', 'Wall', 6, 16),
('Niveau_4', 'Wall', 7, 0),
('Niveau_4', 'Wall', 7, 16),
('Niveau_4', 'Wall', 8, 0),
('Niveau_4', 'Wall', 8, 16),
('Niveau_4', 'Wall', 9, 0),
('Niveau_4', 'Wall', 9, 16),
('Niveau_4', 'Wall', 10, 0),
('Niveau_4', 'Wall', 10, 16),
('Niveau_4', 'Wall', 11, 0),
('Niveau_4', 'Wall', 11, 16),
('Niveau_4', 'Wall', 12, 0),
('Niveau_4', 'Wall', 12, 16),
('Niveau_4', 'Wall', 13, 0),
('Niveau_4', 'Wall', 13, 16),
('Niveau_4', 'Wall', 14, 0),
('Niveau_4', 'Wall', 14, 16),
('Niveau_4', 'Wall', 15, 0),
('Niveau_4', 'Wall', 15, 16),
('Niveau_4', 'Wall', 16, 0),
('Niveau_4', 'Wall', 16, 16),
('Niveau_4', 'Wall', 17, 0),
('Niveau_4', 'Wall', 17, 16),
('Niveau_4', 'Wall', 18, 0),
('Niveau_4', 'Wall', 18, 16),
('Niveau_4', 'Wall', 19, 0),
('Niveau_4', 'Wall', 19, 16),
('Niveau_4', 'Wall', 20, 0),
('Niveau_4', 'Wall', 20, 16),
('Niveau_4', 'Wall', 21, 0),
('Niveau_4', 'Wall', 21, 16),
('Niveau_4', 'Wall', 22, 0),
('Niveau_4', 'Wall', 22, 16),
('Niveau_4', 'Wall', 23, 0),
('Niveau_4', 'Wall', 23, 16),
('Niveau_4', 'Wall', 6, 10),
('Niveau_4', 'Wall', 7, 10),
('Niveau_4', 'Wall', 8, 10),
('Niveau_4', 'Wall', 9, 10),
('Niveau_4', 'Wall', 9, 9),
('Niveau_4', 'Wall', 9, 8),
('Niveau_4', 'Wall', 9, 7),
('Niveau_4', 'Wall', 9, 6),
('Niveau_4', 'Wall', 9, 5),
('Niveau_4', 'Wall', 9, 4),
('Niveau_4', 'Wall', 10, 8),
('Niveau_4', 'Wall', 11, 8),
('Niveau_4', 'Wall', 12, 8),
('Niveau_4', 'Wall', 13, 8),
('Niveau_4', 'Wall', 14, 8),
('Niveau_4', 'Wall', 15, 8),
('Niveau_4', 'Wall', 15, 9),
('Niveau_4', 'Wall', 15, 10),
('Niveau_4', 'Wall', 15, 11),
('Niveau_4', 'Wall', 15, 12),
('Niveau_4', 'Wall', 15, 13),
('Niveau_4', 'Wall', 15, 14),
('Niveau_4', 'Wall', 15, 15),
('Niveau_4', 'Wall', 16, 10),
('Niveau_4', 'Wall', 17, 10),
('Niveau_4', 'Wall', 18, 10),
('Niveau_4', 'Player', 12, 15),
('Niveau_4', 'Enemy', 12, 10),
('Niveau_4', 'Enemy', 3, 7),
('Niveau_4', 'Enemy', 14, 5),
('Niveau_4', 'Enemy', 21, 7),
('Niveau_4', 'Enemy', 23, 15),
('Niveau_4', 'Diamond', 3, 3),
('Niveau_4', 'Diamond', 5, 15),
('Niveau_4', 'Diamond', 7, 9),
('Niveau_4', 'Diamond', 14, 9),
('Niveau_4', 'Diamond', 16, 3),
('Niveau_4', 'Diamond', 17, 13),
('Niveau_4', 'Diamond', 22, 8),
('Niveau_4', 'Rock', 1, 1),
('Niveau_4', 'Rock', 2, 1),
('Niveau_4', 'Rock', 2, 5),
('Niveau_4', 'Rock', 2, 11),
('Niveau_4', 'Rock', 2, 13),
('Niveau_4', 'Rock', 2, 14),
('Niveau_4', 'Rock', 2, 15),
('Niveau_4', 'Rock', 3, 1),
('Niveau_4', 'Rock', 3, 5),
('Niveau_4', 'Rock', 3, 11),
('Niveau_4', 'Rock', 3, 13),
('Niveau_4', 'Rock', 4, 1),
('Niveau_4', 'Rock', 4, 5),
('Niveau_4', 'Rock', 4, 11),
('Niveau_4', 'Rock', 5, 1),
('Niveau_4', 'Rock', 5, 3),
('Niveau_4', 'Rock', 5, 5),
('Niveau_4', 'Rock', 5, 7),
('Niveau_4', 'Rock', 6, 1),
('Niveau_4', 'Rock', 6, 2),
('Niveau_4', 'Rock', 6, 3),
('Niveau_4', 'Rock', 6, 5),
('Niveau_4', 'Rock', 6, 13),
('Niveau_4', 'Rock', 7, 7),
('Niveau_4', 'Rock', 7, 11),
('Niveau_4', 'Rock', 7, 13),
('Niveau_4', 'Rock', 7, 14),
('Niveau_4', 'Rock', 8, 1),
('Niveau_4', 'Rock', 8, 11),
('Niveau_4', 'Rock', 8, 14),
('Niveau_4', 'Rock', 9, 14),
('Niveau_4', 'Rock', 10, 2),
('Niveau_4', 'Rock', 10, 3),
('Niveau_4', 'Rock', 10, 4),
('Niveau_4', 'Rock', 10, 5),
('Niveau_4', 'Rock', 10, 9),
('Niveau_4', 'Rock', 10, 10),
('Niveau_4', 'Rock', 11, 11),
('Niveau_4', 'Rock', 11, 12),
('Niveau_4', 'Rock', 12, 2),
('Niveau_4', 'Rock', 12, 5),
('Niveau_4', 'Rock', 12, 6),
('Niveau_4', 'Rock', 12, 7),
('Niveau_4', 'Rock', 12, 12),
('Niveau_4', 'Rock', 13, 12),
('Niveau_4', 'Rock', 14, 2),
('Niveau_4', 'Rock', 17, 1),
('Niveau_4', 'Rock', 17, 4),
('Niveau_4', 'Rock', 17, 5),
('Niveau_4', 'Rock', 17, 6),
('Niveau_4', 'Rock', 18, 1),
('Niveau_4', 'Rock', 18, 9),
('Niveau_4', 'Rock', 19, 1),
('Niveau_4', 'Rock', 19, 3),
('Niveau_4', 'Rock', 19, 4),
('Niveau_4', 'Rock', 19, 7),
('Niveau_4', 'Rock', 19, 9),
('Niveau_4', 'Rock', 19, 10),
('Niveau_4', 'Rock', 20, 1),
('Niveau_4', 'Rock', 20, 10),
('Niveau_4', 'Rock', 20, 11),
('Niveau_4', 'Rock', 20, 12),
('Niveau_4', 'Rock', 20, 13),
('Niveau_4', 'Rock', 21, 2),
('Niveau_4', 'Rock', 22, 1),
('Niveau_4', 'Rock', 22, 10),
('Niveau_4', 'Rock', 22, 13),
('Niveau_4', 'Rock', 23, 3),
('Niveau_4', 'Rock', 23, 4),
('Niveau_4', 'Rock', 23, 5),
('Niveau_4', 'Rock', 23, 12),
('Niveau_4', 'Digged', 2, 7),
('Niveau_4', 'Digged', 2, 8),
('Niveau_4', 'Digged', 2, 9),
('Niveau_4', 'Digged', 2, 10),
('Niveau_4', 'Digged', 3, 8),
('Niveau_4', 'Digged', 3, 9),
('Niveau_4', 'Digged', 3, 10),
('Niveau_4', 'Digged', 4, 7),
('Niveau_4', 'Digged', 4, 8),
('Niveau_4', 'Digged', 4, 9),
('Niveau_4', 'Digged', 4, 10),
('Niveau_4', 'Digged', 4, 13),
('Niveau_4', 'Digged', 4, 14),
('Niveau_4', 'Digged', 4, 15),
('Niveau_4', 'Digged', 8, 7),
('Niveau_4', 'Digged', 8, 8),
('Niveau_4', 'Digged', 8, 9),
('Niveau_4', 'Digged', 8, 13),
('Niveau_4', 'Digged', 9, 13),
('Niveau_4', 'Digged', 11, 9),
('Niveau_4', 'Digged', 11, 10),
('Niveau_4', 'Digged', 12, 4),
('Niveau_4', 'Digged', 12, 9),
('Niveau_4', 'Digged', 12, 11),
('Niveau_4', 'Digged', 12, 14),
('Niveau_4', 'Digged', 13, 4),
('Niveau_4', 'Digged', 13, 7),
('Niveau_4', 'Digged', 13, 9),
('Niveau_4', 'Digged', 13, 10),
('Niveau_4', 'Digged', 13, 11),
('Niveau_4', 'Digged', 13, 14),
('Niveau_4', 'Digged', 13, 15),
('Niveau_4', 'Digged', 14, 4),
('Niveau_4', 'Digged', 14, 6),
('Niveau_4', 'Digged', 14, 7),
('Niveau_4', 'Digged', 15, 4),
('Niveau_4', 'Digged', 15, 5),
('Niveau_4', 'Digged', 15, 6),
('Niveau_4', 'Digged', 15, 7),
('Niveau_4', 'Digged', 16, 11),
('Niveau_4', 'Digged', 16, 15),
('Niveau_4', 'Digged', 17, 11),
('Niveau_4', 'Digged', 17, 15),
('Niveau_4', 'Digged', 18, 11),
('Niveau_4', 'Digged', 18, 15),
('Niveau_4', 'Digged', 19, 15),
('Niveau_4', 'Digged', 20, 4),
('Niveau_4', 'Digged', 20, 5),
('Niveau_4', 'Digged', 20, 6),
('Niveau_4', 'Digged', 20, 7),
('Niveau_4', 'Digged', 20, 8),
('Niveau_4', 'Digged', 20, 15),
('Niveau_4', 'Digged', 21, 4),
('Niveau_4', 'Digged', 21, 5),
('Niveau_4', 'Digged', 21, 6),
('Niveau_4', 'Digged', 21, 8),
('Niveau_4', 'Digged', 21, 15),
('Niveau_4', 'Digged', 22, 15),
('Niveau_4', 'Dirt', 1, 2),
('Niveau_4', 'Dirt', 1, 3),
('Niveau_4', 'Dirt', 1, 4),
('Niveau_4', 'Dirt', 1, 5),
('Niveau_4', 'Dirt', 1, 6),
('Niveau_4', 'Dirt', 1, 7),
('Niveau_4', 'Dirt', 1, 8),
('Niveau_4', 'Dirt', 1, 9),
('Niveau_4', 'Dirt', 1, 10),
('Niveau_4', 'Dirt', 1, 11),
('Niveau_4', 'Dirt', 1, 12),
('Niveau_4', 'Dirt', 1, 13),
('Niveau_4', 'Dirt', 1, 14),
('Niveau_4', 'Dirt', 1, 15),
('Niveau_4', 'Dirt', 2, 2),
('Niveau_4', 'Dirt', 2, 3),
('Niveau_4', 'Dirt', 2, 4),
('Niveau_4', 'Dirt', 2, 6),
('Niveau_4', 'Dirt', 2, 12),
('Niveau_4', 'Dirt', 3, 2),
('Niveau_4', 'Dirt', 3, 4),
('Niveau_4', 'Dirt', 3, 6),
('Niveau_4', 'Dirt', 3, 12),
('Niveau_4', 'Dirt', 3, 14),
('Niveau_4', 'Dirt', 3, 15),
('Niveau_4', 'Dirt', 4, 2),
('Niveau_4', 'Dirt', 4, 3),
('Niveau_4', 'Dirt', 4, 4),
('Niveau_4', 'Dirt', 4, 12),
('Niveau_4', 'Dirt', 5, 2),
('Niveau_4', 'Dirt', 5, 4),
('Niveau_4', 'Dirt', 5, 6),
('Niveau_4', 'Dirt', 5, 8),
('Niveau_4', 'Dirt', 5, 9),
('Niveau_4', 'Dirt', 5, 10),
('Niveau_4', 'Dirt', 5, 11),
('Niveau_4', 'Dirt', 5, 12),
('Niveau_4', 'Dirt', 5, 13),
('Niveau_4', 'Dirt', 5, 14),
('Niveau_4', 'Dirt', 6, 4),
('Niveau_4', 'Dirt', 6, 6),
('Niveau_4', 'Dirt', 6, 7),
('Niveau_4', 'Dirt', 6, 8),
('Niveau_4', 'Dirt', 6, 9),
('Niveau_4', 'Dirt', 6, 11),
('Niveau_4', 'Dirt', 6, 12),
('Niveau_4', 'Dirt', 6, 13),
('Niveau_4', 'Dirt', 6, 14),
('Niveau_4', 'Dirt', 7, 1),
('Niveau_4', 'Dirt', 7, 2),
('Niveau_4', 'Dirt', 7, 3),
('Niveau_4', 'Dirt', 7, 4),
('Niveau_4', 'Dirt', 7, 5),
('Niveau_4', 'Dirt', 7, 6),
('Niveau_4', 'Dirt', 7, 8),
('Niveau_4', 'Dirt', 7, 12),
('Niveau_4', 'Dirt', 7, 15),
('Niveau_4', 'Dirt', 8, 2),
('Niveau_4', 'Dirt', 8, 3),
('Niveau_4', 'Dirt', 8, 4),
('Niveau_4', 'Dirt', 8, 5),
('Niveau_4', 'Dirt', 8, 6),
('Niveau_4', 'Dirt', 8, 12),
('Niveau_4', 'Dirt', 8, 15),
('Niveau_4', 'Dirt', 9, 1),
('Niveau_4', 'Dirt', 9, 2),
('Niveau_4', 'Dirt', 9, 3),
('Niveau_4', 'Dirt', 9, 11),
('Niveau_4', 'Dirt', 9, 12),
('Niveau_4', 'Dirt', 9, 15),
('Niveau_4', 'Dirt', 10, 1),
('Niveau_4', 'Dirt', 10, 6),
('Niveau_4', 'Dirt', 10, 7),
('Niveau_4', 'Dirt', 10, 11),
('Niveau_4', 'Dirt', 10, 12),
('Niveau_4', 'Dirt', 10, 13),
('Niveau_4', 'Dirt', 10, 14),
('Niveau_4', 'Dirt', 10, 15),
('Niveau_4', 'Dirt', 11, 1),
('Niveau_4', 'Dirt', 11, 2),
('Niveau_4', 'Dirt', 11, 3),
('Niveau_4', 'Dirt', 11, 4),
('Niveau_4', 'Dirt', 11, 5),
('Niveau_4', 'Dirt', 11, 6),
('Niveau_4', 'Dirt', 11, 7),
('Niveau_4', 'Dirt', 11, 13),
('Niveau_4', 'Dirt', 11, 14),
('Niveau_4', 'Dirt', 11, 15),
('Niveau_4', 'Dirt', 12, 1),
('Niveau_4', 'Dirt', 12, 3),
('Niveau_4', 'Dirt', 12, 13),
('Niveau_4', 'Dirt', 13, 1),
('Niveau_4', 'Dirt', 13, 2),
('Niveau_4', 'Dirt', 13, 3),
('Niveau_4', 'Dirt', 13, 5),
('Niveau_4', 'Dirt', 13, 6),
('Niveau_4', 'Dirt', 13, 13),
('Niveau_4', 'Dirt', 14, 1),
('Niveau_4', 'Dirt', 14, 3),
('Niveau_4', 'Dirt', 14, 10),
('Niveau_4', 'Dirt', 14, 11),
('Niveau_4', 'Dirt', 14, 12),
('Niveau_4', 'Dirt', 14, 13),
('Niveau_4', 'Dirt', 14, 14),
('Niveau_4', 'Dirt', 14, 15),
('Niveau_4', 'Dirt', 15, 1),
('Niveau_4', 'Dirt', 15, 2),
('Niveau_4', 'Dirt', 15, 3),
('Niveau_4', 'Dirt', 16, 1),
('Niveau_4', 'Dirt', 16, 2),
('Niveau_4', 'Dirt', 16, 4),
('Niveau_4', 'Dirt', 16, 5),
('Niveau_4', 'Dirt', 16, 6),
('Niveau_4', 'Dirt', 16, 7),
('Niveau_4', 'Dirt', 16, 8),
('Niveau_4', 'Dirt', 16, 9),
('Niveau_4', 'Dirt', 16, 12),
('Niveau_4', 'Dirt', 16, 13),
('Niveau_4', 'Dirt', 16, 14),
('Niveau_4', 'Dirt', 17, 2),
('Niveau_4', 'Dirt', 17, 3),
('Niveau_4', 'Dirt', 17, 7),
('Niveau_4', 'Dirt', 4, 6),
('Niveau_4', 'Dirt', 23, 13),
('Niveau_4', 'Dirt', 17, 8),
('Niveau_4', 'Dirt', 17, 9),
('Niveau_4', 'Dirt', 17, 12),
('Niveau_4', 'Dirt', 17, 14),
('Niveau_4', 'Dirt', 18, 2),
('Niveau_4', 'Dirt', 18, 3),
('Niveau_4', 'Dirt', 18, 4),
('Niveau_4', 'Dirt', 18, 5),
('Niveau_4', 'Dirt', 18, 6),
('Niveau_4', 'Dirt', 18, 7),
('Niveau_4', 'Dirt', 18, 8),
('Niveau_4', 'Dirt', 18, 12),
('Niveau_4', 'Dirt', 18, 13),
('Niveau_4', 'Dirt', 18, 14),
('Niveau_4', 'Dirt', 19, 2),
('Niveau_4', 'Dirt', 19, 5),
('Niveau_4', 'Dirt', 19, 6),
('Niveau_4', 'Dirt', 19, 8),
('Niveau_4', 'Dirt', 19, 11),
('Niveau_4', 'Dirt', 19, 12),
('Niveau_4', 'Dirt', 19, 13),
('Niveau_4', 'Dirt', 19, 14),
('Niveau_4', 'Dirt', 20, 2),
('Niveau_4', 'Dirt', 20, 3),
('Niveau_4', 'Dirt', 20, 9),
('Niveau_4', 'Dirt', 20, 14),
('Niveau_4', 'Dirt', 21, 1),
('Niveau_4', 'Dirt', 21, 3),
('Niveau_4', 'Dirt', 21, 9),
('Niveau_4', 'Dirt', 21, 10),
('Niveau_4', 'Dirt', 21, 11),
('Niveau_4', 'Dirt', 21, 12),
('Niveau_4', 'Dirt', 21, 13),
('Niveau_4', 'Dirt', 21, 14),
('Niveau_4', 'Dirt', 22, 2),
('Niveau_4', 'Dirt', 22, 3),
('Niveau_4', 'Dirt', 22, 4),
('Niveau_4', 'Dirt', 22, 5),
('Niveau_4', 'Dirt', 22, 6),
('Niveau_4', 'Dirt', 22, 7),
('Niveau_4', 'Dirt', 22, 9),
('Niveau_4', 'Dirt', 22, 11),
('Niveau_4', 'Dirt', 22, 12),
('Niveau_4', 'Dirt', 22, 14),
('Niveau_4', 'Dirt', 23, 1),
('Niveau_4', 'Dirt', 23, 2),
('Niveau_4', 'Dirt', 23, 6),
('Niveau_4', 'Dirt', 23, 7),
('Niveau_4', 'Dirt', 23, 8),
('Niveau_4', 'Dirt', 23, 9),
('Niveau_4', 'Dirt', 23, 10),
('Niveau_4', 'Dirt', 23, 11),
('Niveau_4', 'Dirt', 23, 14),
('Niveau_5', 'Player', 5, 29),
('Niveau_5', 'Enemy', 4, 9),
('Niveau_5', 'Enemy', 5, 19),
('Niveau_5', 'Enemy', 6, 13),
('Niveau_5', 'Enemy', 10, 1),
('Niveau_5', 'Enemy', 13, 20),
('Niveau_5', 'Enemy', 15, 10),
('Niveau_5', 'Enemy', 19, 26),
('Niveau_5', 'Enemy', 22, 27),
('Niveau_5', 'Wall', 0, 0),
('Niveau_5', 'Wall', 0, 1),
('Niveau_5', 'Wall', 0, 2),
('Niveau_5', 'Wall', 0, 3),
('Niveau_5', 'Wall', 0, 4),
('Niveau_5', 'Wall', 0, 5),
('Niveau_5', 'Wall', 0, 6),
('Niveau_5', 'Wall', 0, 7),
('Niveau_5', 'Wall', 0, 8),
('Niveau_5', 'Wall', 0, 9),
('Niveau_5', 'Wall', 0, 10),
('Niveau_5', 'Wall', 0, 11),
('Niveau_5', 'Wall', 0, 12),
('Niveau_5', 'Wall', 0, 13),
('Niveau_5', 'Wall', 0, 14),
('Niveau_5', 'Wall', 0, 15),
('Niveau_5', 'Wall', 0, 16),
('Niveau_5', 'Wall', 0, 17),
('Niveau_5', 'Wall', 0, 18),
('Niveau_5', 'Wall', 0, 19),
('Niveau_5', 'Wall', 0, 20),
('Niveau_5', 'Wall', 0, 21),
('Niveau_5', 'Wall', 0, 22),
('Niveau_5', 'Wall', 0, 23),
('Niveau_5', 'Wall', 0, 24),
('Niveau_5', 'Wall', 0, 25),
('Niveau_5', 'Wall', 0, 26),
('Niveau_5', 'Wall', 0, 27),
('Niveau_5', 'Wall', 0, 28),
('Niveau_5', 'Wall', 0, 29),
('Niveau_5', 'Wall', 0, 30),
('Niveau_5', 'Wall', 24, 0),
('Niveau_5', 'Wall', 24, 1),
('Niveau_5', 'Wall', 24, 2),
('Niveau_5', 'Wall', 24, 3),
('Niveau_5', 'Wall', 24, 4),
('Niveau_5', 'Wall', 24, 5),
('Niveau_5', 'Wall', 24, 6),
('Niveau_5', 'Wall', 24, 7),
('Niveau_5', 'Wall', 24, 8),
('Niveau_5', 'Wall', 24, 9),
('Niveau_5', 'Wall', 24, 10),
('Niveau_5', 'Wall', 24, 11),
('Niveau_5', 'Wall', 24, 12),
('Niveau_5', 'Wall', 24, 13),
('Niveau_5', 'Wall', 24, 14),
('Niveau_5', 'Wall', 24, 15),
('Niveau_5', 'Wall', 24, 16),
('Niveau_5', 'Wall', 24, 17),
('Niveau_5', 'Wall', 24, 18),
('Niveau_5', 'Wall', 24, 19),
('Niveau_5', 'Wall', 24, 20),
('Niveau_5', 'Wall', 24, 21),
('Niveau_5', 'Wall', 24, 22),
('Niveau_5', 'Wall', 24, 23),
('Niveau_5', 'Wall', 24, 24),
('Niveau_5', 'Wall', 24, 25),
('Niveau_5', 'Wall', 24, 26),
('Niveau_5', 'Wall', 24, 27),
('Niveau_5', 'Wall', 24, 28),
('Niveau_5', 'Wall', 24, 29),
('Niveau_5', 'Wall', 24, 30),
('Niveau_5', 'Wall', 1, 0),
('Niveau_5', 'Wall', 1, 30),
('Niveau_5', 'Wall', 2, 0),
('Niveau_5', 'Wall', 2, 30),
('Niveau_5', 'Wall', 3, 0),
('Niveau_5', 'Wall', 3, 30),
('Niveau_5', 'Wall', 4, 0),
('Niveau_5', 'Wall', 4, 30),
('Niveau_5', 'Wall', 5, 0),
('Niveau_5', 'Wall', 5, 30),
('Niveau_5', 'Wall', 6, 0),
('Niveau_5', 'Wall', 6, 30),
('Niveau_5', 'Wall', 7, 0),
('Niveau_5', 'Wall', 7, 30),
('Niveau_5', 'Wall', 8, 0),
('Niveau_5', 'Wall', 8, 30),
('Niveau_5', 'Wall', 9, 0),
('Niveau_5', 'Wall', 9, 30),
('Niveau_5', 'Wall', 10, 0),
('Niveau_5', 'Wall', 10, 30),
('Niveau_5', 'Wall', 11, 0),
('Niveau_5', 'Wall', 11, 30),
('Niveau_5', 'Wall', 12, 0),
('Niveau_5', 'Wall', 12, 30),
('Niveau_5', 'Wall', 13, 0),
('Niveau_5', 'Wall', 13, 30),
('Niveau_5', 'Wall', 14, 0),
('Niveau_5', 'Wall', 14, 30),
('Niveau_5', 'Wall', 15, 0),
('Niveau_5', 'Wall', 15, 30),
('Niveau_5', 'Wall', 16, 0),
('Niveau_5', 'Wall', 16, 30),
('Niveau_5', 'Wall', 17, 0),
('Niveau_5', 'Wall', 17, 30),
('Niveau_5', 'Wall', 18, 0),
('Niveau_5', 'Wall', 18, 30),
('Niveau_5', 'Wall', 19, 0),
('Niveau_5', 'Wall', 19, 30),
('Niveau_5', 'Wall', 20, 0),
('Niveau_5', 'Wall', 20, 30),
('Niveau_5', 'Wall', 21, 0),
('Niveau_5', 'Wall', 21, 30),
('Niveau_5', 'Wall', 22, 0),
('Niveau_5', 'Wall', 22, 30),
('Niveau_5', 'Wall', 23, 0),
('Niveau_5', 'Wall', 23, 30),
('Niveau_5', 'Wall', 1, 13),
('Niveau_5', 'Wall', 1, 14),
('Niveau_5', 'Wall', 1, 15),
('Niveau_5', 'Wall', 2, 24),
('Niveau_5', 'Wall', 3, 4),
('Niveau_5', 'Wall', 3, 5),
('Niveau_5', 'Wall', 3, 6),
('Niveau_5', 'Wall', 3, 7),
('Niveau_5', 'Wall', 3, 17),
('Niveau_5', 'Wall', 3, 18),
('Niveau_5', 'Wall', 3, 19),
('Niveau_5', 'Wall', 3, 24),
('Niveau_5', 'Wall', 4, 4),
('Niveau_5', 'Wall', 4, 5),
('Niveau_5', 'Wall', 4, 6),
('Niveau_5', 'Wall', 4, 7),
('Niveau_5', 'Wall', 4, 24),
('Niveau_5', 'Wall', 5, 24),
('Niveau_5', 'Wall', 6, 15),
('Niveau_5', 'Wall', 6, 24),
('Niveau_5', 'Wall', 7, 1),
('Niveau_5', 'Wall', 7, 15),
('Niveau_5', 'Wall', 7, 24),
('Niveau_5', 'Wall', 7, 25),
('Niveau_5', 'Wall', 7, 26),
('Niveau_5', 'Wall', 8, 1),
('Niveau_5', 'Wall', 8, 15),
('Niveau_5', 'Wall', 8, 18),
('Niveau_5', 'Wall', 8, 19),
('Niveau_5', 'Wall', 8, 24),
('Niveau_5', 'Wall', 9, 13),
('Niveau_5', 'Wall', 9, 14),
('Niveau_5', 'Wall', 9, 15),
('Niveau_5', 'Wall', 9, 16),
('Niveau_5', 'Wall', 9, 17),
('Niveau_5', 'Wall', 9, 18),
('Niveau_5', 'Wall', 9, 19),
('Niveau_5', 'Wall', 9, 20),
('Niveau_5', 'Wall', 9, 24),
('Niveau_5', 'Wall', 10, 15),
('Niveau_5', 'Wall', 10, 20),
('Niveau_5', 'Wall', 10, 24),
('Niveau_5', 'Wall', 11, 5),
('Niveau_5', 'Wall', 11, 15),
('Niveau_5', 'Wall', 12, 5),
('Niveau_5', 'Wall', 12, 6),
('Niveau_5', 'Wall', 12, 7),
('Niveau_5', 'Wall', 12, 8),
('Niveau_5', 'Wall', 12, 15),
('Niveau_5', 'Wall', 13, 5),
('Niveau_5', 'Wall', 13, 15),
('Niveau_5', 'Wall', 14, 5),
('Niveau_5', 'Wall', 14, 15),
('Niveau_5', 'Wall', 15, 5),
('Niveau_5', 'Wall', 16, 5),
('Niveau_5', 'Wall', 16, 20),
('Niveau_5', 'Wall', 16, 21),
('Niveau_5', 'Wall', 16, 22),
('Niveau_5', 'Wall', 16, 23),
('Niveau_5', 'Wall', 16, 24),
('Niveau_5', 'Wall', 16, 25),
('Niveau_5', 'Wall', 17, 23),
('Niveau_5', 'Wall', 17, 24),
('Niveau_5', 'Wall', 17, 25),
('Niveau_5', 'Wall', 17, 26),
('Niveau_5', 'Wall', 17, 27),
('Niveau_5', 'Wall', 17, 28),
('Niveau_5', 'Wall', 17, 29),
('Niveau_5', 'Wall', 18, 23),
('Niveau_5', 'Wall', 19, 9),
('Niveau_5', 'Wall', 19, 10),
('Niveau_5', 'Wall', 19, 11),
('Niveau_5', 'Wall', 19, 12),
('Niveau_5', 'Wall', 19, 13),
('Niveau_5', 'Wall', 19, 14),
('Niveau_5', 'Wall', 19, 23),
('Niveau_5', 'Wall', 20, 13),
('Niveau_5', 'Wall', 20, 23),
('Niveau_5', 'Wall', 21, 13),
('Niveau_5', 'Diamond', 2, 4),
('Niveau_5', 'Diamond', 5, 11),
('Niveau_5', 'Diamond', 5, 23),
('Niveau_5', 'Diamond', 11, 16),
('Niveau_5', 'Diamond', 13, 4),
('Niveau_5', 'Diamond', 18, 29),
('Niveau_5', 'Diamond', 19, 24),
('Niveau_5', 'Diamond', 20, 12),
('Niveau_5', 'Diamond', 22, 29),
('Niveau_5', 'Rock', 1, 2),
('Niveau_5', 'Rock', 1, 5),
('Niveau_5', 'Rock', 1, 11),
('Niveau_5', 'Rock', 1, 17),
('Niveau_5', 'Rock', 1, 25),
('Niveau_5', 'Rock', 2, 3),
('Niveau_5', 'Rock', 2, 7),
('Niveau_5', 'Rock', 2, 17),
('Niveau_5', 'Rock', 2, 20),
('Niveau_5', 'Rock', 2, 28),
('Niveau_5', 'Rock', 2, 29),
('Niveau_5', 'Rock', 3, 2),
('Niveau_5', 'Rock', 3, 11),
('Niveau_5', 'Rock', 3, 12),
('Niveau_5', 'Rock', 3, 16),
('Niveau_5', 'Rock', 3, 20),
('Niveau_5', 'Rock', 3, 26),
('Niveau_5', 'Rock', 3, 29),
('Niveau_5', 'Rock', 4, 14),
('Niveau_5', 'Rock', 4, 16),
('Niveau_5', 'Rock', 4, 21),
('Niveau_5', 'Rock', 4, 22),
('Niveau_5', 'Rock', 4, 26),
('Niveau_5', 'Rock', 5, 4),
('Niveau_5', 'Rock', 5, 5),
('Niveau_5', 'Rock', 5, 22),
('Niveau_5', 'Rock', 5, 26),
('Niveau_5', 'Rock', 5, 27),
('Niveau_5', 'Rock', 6, 1),
('Niveau_5', 'Rock', 6, 2),
('Niveau_5', 'Rock', 6, 5),
('Niveau_5', 'Rock', 6, 22),
('Niveau_5', 'Rock', 6, 26),
('Niveau_5', 'Rock', 7, 3),
('Niveau_5', 'Rock', 7, 5),
('Niveau_5', 'Rock', 7, 7),
('Niveau_5', 'Rock', 7, 11),
('Niveau_5', 'Rock', 7, 18),
('Niveau_5', 'Rock', 7, 19),
('Niveau_5', 'Rock', 7, 27),
('Niveau_5', 'Rock', 9, 4),
('Niveau_5', 'Rock', 9, 5),
('Niveau_5', 'Rock', 9, 6),
('Niveau_5', 'Rock', 9, 12),
('Niveau_5', 'Rock', 9, 21),
('Niveau_5', 'Rock', 9, 22),
('Niveau_5', 'Rock', 9, 23),
('Niveau_5', 'Rock', 9, 26),
('Niveau_5', 'Rock', 9, 27),
('Niveau_5', 'Rock', 9, 29),
('Niveau_5', 'Rock', 10, 4),
('Niveau_5', 'Rock', 10, 10),
('Niveau_5', 'Rock', 10, 11),
('Niveau_5', 'Rock', 10, 12),
('Niveau_5', 'Rock', 10, 16),
('Niveau_5', 'Rock', 11, 13),
('Niveau_5', 'Rock', 12, 4),
('Niveau_5', 'Rock', 12, 11),
('Niveau_5', 'Rock', 12, 13),
('Niveau_5', 'Rock', 12, 17),
('Niveau_5', 'Rock', 12, 25),
('Niveau_5', 'Rock', 12, 26),
('Niveau_5', 'Rock', 13, 6),
('Niveau_5', 'Rock', 13, 13),
('Niveau_5', 'Rock', 13, 16),
('Niveau_5', 'Rock', 13, 17),
('Niveau_5', 'Rock', 13, 21),
('Niveau_5', 'Rock', 13, 25),
('Niveau_5', 'Rock', 13, 29),
('Niveau_5', 'Rock', 14, 3),
('Niveau_5', 'Rock', 14, 6),
('Niveau_5', 'Rock', 14, 7),
('Niveau_5', 'Rock', 14, 17),
('Niveau_5', 'Rock', 14, 22),
('Niveau_5', 'Rock', 15, 1),
('Niveau_5', 'Rock', 15, 6),
('Niveau_5', 'Rock', 15, 27),
('Niveau_5', 'Rock', 16, 1),
('Niveau_5', 'Rock', 16, 4),
('Niveau_5', 'Rock', 16, 14),
('Niveau_5', 'Rock', 16, 15),
('Niveau_5', 'Rock', 17, 1),
('Niveau_5', 'Rock', 17, 7),
('Niveau_5', 'Rock', 17, 11),
('Niveau_5', 'Rock', 18, 9),
('Niveau_5', 'Rock', 18, 11),
('Niveau_5', 'Rock', 18, 20),
('Niveau_5', 'Rock', 19, 17),
('Niveau_5', 'Rock', 19, 18),
('Niveau_5', 'Rock', 19, 20),
('Niveau_5', 'Rock', 19, 29),
('Niveau_5', 'Rock', 20, 3),
('Niveau_5', 'Rock', 20, 4),
('Niveau_5', 'Rock', 20, 5),
('Niveau_5', 'Rock', 20, 10),
('Niveau_5', 'Rock', 20, 11),
('Niveau_5', 'Rock', 20, 18),
('Niveau_5', 'Rock', 20, 19),
('Niveau_5', 'Rock', 20, 20),
('Niveau_5', 'Rock', 20, 28),
('Niveau_5', 'Rock', 20, 29),
('Niveau_5', 'Rock', 21, 4),
('Niveau_5', 'Rock', 21, 5),
('Niveau_5', 'Rock', 21, 6),
('Niveau_5', 'Rock', 21, 7),
('Niveau_5', 'Rock', 21, 9),
('Niveau_5', 'Rock', 21, 19),
('Niveau_5', 'Rock', 21, 24),
('Niveau_5', 'Rock', 21, 29),
('Niveau_5', 'Rock', 22, 7),
('Niveau_5', 'Rock', 22, 13),
('Niveau_5', 'Rock', 22, 21),
('Niveau_5', 'Rock', 23, 12),
('Niveau_5', 'Rock', 23, 13),
('Niveau_5', 'Rock', 23, 18),
('Niveau_5', 'Rock', 23, 21),
('Niveau_5', 'Rock', 23, 29),
('Niveau_5', 'Digged', 1, 26),
('Niveau_5', 'Digged', 1, 29),
('Niveau_5', 'Digged', 2, 9),
('Niveau_5', 'Digged', 2, 12),
('Niveau_5', 'Digged', 2, 14),
('Niveau_5', 'Digged', 3, 9),
('Niveau_5', 'Digged', 3, 14),
('Niveau_5', 'Digged', 3, 28),
('Niveau_5', 'Digged', 4, 3),
('Niveau_5', 'Digged', 4, 10),
('Niveau_5', 'Digged', 4, 11),
('Niveau_5', 'Digged', 4, 12),
('Niveau_5', 'Digged', 4, 13),
('Niveau_5', 'Digged', 4, 28),
('Niveau_5', 'Digged', 4, 29),
('Niveau_5', 'Digged', 5, 3),
('Niveau_5', 'Digged', 5, 9),
('Niveau_5', 'Digged', 5, 10),
('Niveau_5', 'Digged', 5, 13),
('Niveau_5', 'Digged', 5, 14),
('Niveau_5', 'Digged', 5, 20),
('Niveau_5', 'Digged', 6, 9),
('Niveau_5', 'Digged', 6, 10),
('Niveau_5', 'Digged', 6, 11),
('Niveau_5', 'Digged', 6, 12),
('Niveau_5', 'Digged', 6, 14),
('Niveau_5', 'Digged', 6, 19),
('Niveau_5', 'Digged', 6, 20),
('Niveau_5', 'Digged', 6, 29),
('Niveau_5', 'Digged', 7, 2),
('Niveau_5', 'Digged', 7, 9),
('Niveau_5', 'Digged', 7, 14),
('Niveau_5', 'Digged', 7, 16),
('Niveau_5', 'Digged', 7, 17),
('Niveau_5', 'Digged', 7, 29),
('Niveau_5', 'Digged', 8, 4),
('Niveau_5', 'Digged', 8, 5),
('Niveau_5', 'Digged', 8, 9),
('Niveau_5', 'Digged', 8, 22),
('Niveau_5', 'Digged', 8, 29),
('Niveau_5', 'Digged', 9, 1),
('Niveau_5', 'Digged', 9, 2),
('Niveau_5', 'Digged', 10, 2),
('Niveau_5', 'Digged', 10, 8),
('Niveau_5', 'Digged', 10, 19),
('Niveau_5', 'Digged', 10, 21),
('Niveau_5', 'Digged', 10, 29),
('Niveau_5', 'Digged', 11, 1),
('Niveau_5', 'Digged', 11, 2),
('Niveau_5', 'Digged', 11, 8),
('Niveau_5', 'Digged', 11, 19),
('Niveau_5', 'Digged', 11, 20),
('Niveau_5', 'Digged', 11, 21),
('Niveau_5', 'Digged', 11, 29),
('Niveau_5', 'Digged', 12, 1),
('Niveau_5', 'Digged', 12, 2),
('Niveau_5', 'Digged', 12, 19),
('Niveau_5', 'Digged', 12, 20),
('Niveau_5', 'Digged', 12, 21),
('Niveau_5', 'Digged', 12, 29),
('Niveau_5', 'Digged', 13, 19),
('Niveau_5', 'Digged', 13, 21),
('Niveau_5', 'Digged', 14, 9),
('Niveau_5', 'Digged', 14, 10),
('Niveau_5', 'Digged', 14, 11),
('Niveau_5', 'Digged', 14, 12),
('Niveau_5', 'Digged', 14, 19),
('Niveau_5', 'Digged', 14, 20),
('Niveau_5', 'Digged', 14, 21),
('Niveau_5', 'Digged', 14, 24),
('Niveau_5', 'Digged', 14, 29),
('Niveau_5', 'Digged', 15, 9),
('Niveau_5', 'Digged', 15, 11),
('Niveau_5', 'Digged', 15, 12),
('Niveau_5', 'Digged', 15, 19),
('Niveau_5', 'Digged', 15, 20),
('Niveau_5', 'Digged', 15, 21),
('Niveau_5', 'Digged', 15, 24),
('Niveau_5', 'Digged', 15, 29),
('Niveau_5', 'Digged', 16, 9),
('Niveau_5', 'Digged', 16, 10),
('Niveau_5', 'Digged', 16, 11),
('Niveau_5', 'Digged', 16, 12),
('Niveau_5', 'Digged', 16, 29),
('Niveau_5', 'Digged', 17, 15),
('Niveau_5', 'Digged', 17, 16),
('Niveau_5', 'Digged', 17, 17),
('Niveau_5', 'Digged', 18, 4),
('Niveau_5', 'Digged', 18, 5),
('Niveau_5', 'Digged', 18, 6),
('Niveau_5', 'Digged', 18, 15),
('Niveau_5', 'Digged', 18, 26),
('Niveau_5', 'Digged', 18, 27),
('Niveau_5', 'Digged', 18, 28),
('Niveau_5', 'Digged', 19, 2),
('Niveau_5', 'Digged', 19, 4),
('Niveau_5', 'Digged', 19, 5),
('Niveau_5', 'Digged', 19, 6),
('Niveau_5', 'Digged', 19, 8),
('Niveau_5', 'Digged', 19, 27),
('Niveau_5', 'Digged', 19, 28),
('Niveau_5', 'Digged', 20, 2),
('Niveau_5', 'Digged', 20, 8),
('Niveau_5', 'Digged', 20, 24),
('Niveau_5', 'Digged', 20, 25),
('Niveau_5', 'Digged', 20, 26),
('Niveau_5', 'Digged', 20, 27),
('Niveau_5', 'Digged', 21, 2),
('Niveau_5', 'Digged', 21, 8),
('Niveau_5', 'Digged', 21, 14),
('Niveau_5', 'Digged', 21, 16),
('Niveau_5', 'Digged', 21, 26),
('Niveau_5', 'Digged', 21, 27),
('Niveau_5', 'Digged', 21, 28),
('Niveau_5', 'Digged', 22, 2),
('Niveau_5', 'Digged', 22, 4),
('Niveau_5', 'Digged', 22, 5),
('Niveau_5', 'Digged', 22, 10),
('Niveau_5', 'Digged', 22, 11),
('Niveau_5', 'Digged', 22, 15),
('Niveau_5', 'Digged', 22, 16),
('Niveau_5', 'Digged', 22, 17),
('Niveau_5', 'Digged', 22, 24),
('Niveau_5', 'Digged', 22, 25),
('Niveau_5', 'Digged', 22, 26),
('Niveau_5', 'Digged', 22, 28),
('Niveau_5', 'Digged', 23, 2),
('Niveau_5', 'Digged', 23, 16),
('Niveau_5', 'Digged', 23, 25),
('Niveau_5', 'Digged', 23, 26),
('Niveau_5', 'Digged', 23, 27),
('Niveau_5', 'Digged', 23, 28),
('Niveau_5', 'Digged', 1, 22),
('Niveau_5', 'Digged', 2, 22),
('Niveau_5', 'Digged', 5, 7),
('Niveau_5', 'Dirt', 1, 1),
('Niveau_5', 'Dirt', 1, 3),
('Niveau_5', 'Dirt', 1, 4),
('Niveau_5', 'Dirt', 1, 6),
('Niveau_5', 'Dirt', 1, 7),
('Niveau_5', 'Dirt', 1, 8),
('Niveau_5', 'Dirt', 1, 9),
('Niveau_5', 'Dirt', 1, 10),
('Niveau_5', 'Dirt', 1, 12),
('Niveau_5', 'Dirt', 1, 16),
('Niveau_5', 'Dirt', 1, 18),
('Niveau_5', 'Dirt', 1, 19),
('Niveau_5', 'Dirt', 1, 20),
('Niveau_5', 'Dirt', 1, 21),
('Niveau_5', 'Dirt', 1, 23),
('Niveau_5', 'Dirt', 1, 24),
('Niveau_5', 'Dirt', 1, 27),
('Niveau_5', 'Dirt', 1, 28),
('Niveau_5', 'Dirt', 2, 1),
('Niveau_5', 'Dirt', 2, 2),
('Niveau_5', 'Dirt', 2, 5),
('Niveau_5', 'Dirt', 2, 6),
('Niveau_5', 'Dirt', 2, 8),
('Niveau_5', 'Dirt', 2, 10),
('Niveau_5', 'Dirt', 2, 11),
('Niveau_5', 'Dirt', 2, 13),
('Niveau_5', 'Dirt', 2, 15),
('Niveau_5', 'Dirt', 2, 16),
('Niveau_5', 'Dirt', 2, 18),
('Niveau_5', 'Dirt', 2, 19),
('Niveau_5', 'Dirt', 2, 21),
('Niveau_5', 'Dirt', 2, 22),
('Niveau_5', 'Dirt', 2, 23),
('Niveau_5', 'Dirt', 2, 25),
('Niveau_5', 'Dirt', 2, 27),
('Niveau_5', 'Dirt', 3, 1),
('Niveau_5', 'Dirt', 3, 3),
('Niveau_5', 'Dirt', 3, 8),
('Niveau_5', 'Dirt', 3, 10),
('Niveau_5', 'Dirt', 3, 13),
('Niveau_5', 'Dirt', 3, 15),
('Niveau_5', 'Dirt', 3, 21),
('Niveau_5', 'Dirt', 3, 22),
('Niveau_5', 'Dirt', 3, 23),
('Niveau_5', 'Dirt', 3, 25),
('Niveau_5', 'Dirt', 3, 27),
('Niveau_5', 'Dirt', 4, 1),
('Niveau_5', 'Dirt', 4, 2),
('Niveau_5', 'Dirt', 4, 8),
('Niveau_5', 'Dirt', 4, 15),
('Niveau_5', 'Dirt', 4, 17),
('Niveau_5', 'Dirt', 4, 18),
('Niveau_5', 'Dirt', 4, 19),
('Niveau_5', 'Dirt', 4, 20),
('Niveau_5', 'Dirt', 4, 25),
('Niveau_5', 'Dirt', 4, 27),
('Niveau_5', 'Dirt', 5, 1),
('Niveau_5', 'Dirt', 5, 2),
('Niveau_5', 'Dirt', 5, 6),
('Niveau_5', 'Dirt', 5, 8),
('Niveau_5', 'Dirt', 5, 12),
('Niveau_5', 'Dirt', 5, 15),
('Niveau_5', 'Dirt', 5, 16),
('Niveau_5', 'Dirt', 5, 17),
('Niveau_5', 'Dirt', 5, 18),
('Niveau_5', 'Dirt', 5, 21),
('Niveau_5', 'Dirt', 5, 25),
('Niveau_5', 'Dirt', 5, 28),
('Niveau_5', 'Dirt', 6, 3),
('Niveau_5', 'Dirt', 6, 4),
('Niveau_5', 'Dirt', 6, 6),
('Niveau_5', 'Dirt', 6, 7),
('Niveau_5', 'Dirt', 6, 8),
('Niveau_5', 'Dirt', 6, 16),
('Niveau_5', 'Dirt', 6, 17),
('Niveau_5', 'Dirt', 6, 18),
('Niveau_5', 'Dirt', 6, 21),
('Niveau_5', 'Dirt', 6, 23),
('Niveau_5', 'Dirt', 6, 25),
('Niveau_5', 'Dirt', 6, 27),
('Niveau_5', 'Dirt', 6, 28),
('Niveau_5', 'Dirt', 7, 4),
('Niveau_5', 'Dirt', 7, 6),
('Niveau_5', 'Dirt', 7, 8),
('Niveau_5', 'Dirt', 7, 10),
('Niveau_5', 'Dirt', 7, 12),
('Niveau_5', 'Dirt', 7, 13),
('Niveau_5', 'Dirt', 7, 20),
('Niveau_5', 'Dirt', 7, 21),
('Niveau_5', 'Dirt', 7, 22),
('Niveau_5', 'Dirt', 7, 23),
('Niveau_5', 'Dirt', 7, 28),
('Niveau_5', 'Dirt', 8, 2),
('Niveau_5', 'Dirt', 8, 3),
('Niveau_5', 'Dirt', 8, 6),
('Niveau_5', 'Dirt', 8, 7),
('Niveau_5', 'Dirt', 8, 8),
('Niveau_5', 'Dirt', 8, 10),
('Niveau_5', 'Dirt', 8, 11),
('Niveau_5', 'Dirt', 8, 12),
('Niveau_5', 'Dirt', 8, 13),
('Niveau_5', 'Dirt', 8, 14),
('Niveau_5', 'Dirt', 8, 16),
('Niveau_5', 'Dirt', 8, 17),
('Niveau_5', 'Dirt', 8, 20),
('Niveau_5', 'Dirt', 8, 21),
('Niveau_5', 'Dirt', 8, 23),
('Niveau_5', 'Dirt', 8, 25),
('Niveau_5', 'Dirt', 8, 26),
('Niveau_5', 'Dirt', 8, 27),
('Niveau_5', 'Dirt', 8, 28),
('Niveau_5', 'Dirt', 9, 3),
('Niveau_5', 'Dirt', 9, 7),
('Niveau_5', 'Dirt', 9, 8),
('Niveau_5', 'Dirt', 9, 9),
('Niveau_5', 'Dirt', 9, 10),
('Niveau_5', 'Dirt', 9, 11),
('Niveau_5', 'Dirt', 9, 25),
('Niveau_5', 'Dirt', 9, 28),
('Niveau_5', 'Dirt', 10, 3),
('Niveau_5', 'Dirt', 10, 5),
('Niveau_5', 'Dirt', 10, 6),
('Niveau_5', 'Dirt', 10, 7),
('Niveau_5', 'Dirt', 10, 9),
('Niveau_5', 'Dirt', 10, 13),
('Niveau_5', 'Dirt', 10, 14),
('Niveau_5', 'Dirt', 10, 17),
('Niveau_5', 'Dirt', 10, 18),
('Niveau_5', 'Dirt', 10, 22),
('Niveau_5', 'Dirt', 10, 23),
('Niveau_5', 'Dirt', 10, 25),
('Niveau_5', 'Dirt', 10, 26),
('Niveau_5', 'Dirt', 10, 27),
('Niveau_5', 'Dirt', 10, 28),
('Niveau_5', 'Dirt', 11, 3),
('Niveau_5', 'Dirt', 11, 4),
('Niveau_5', 'Dirt', 11, 6),
('Niveau_5', 'Dirt', 11, 7),
('Niveau_5', 'Dirt', 11, 9),
('Niveau_5', 'Dirt', 11, 10),
('Niveau_5', 'Dirt', 11, 11),
('Niveau_5', 'Dirt', 11, 12),
('Niveau_5', 'Dirt', 11, 14),
('Niveau_5', 'Dirt', 11, 17),
('Niveau_5', 'Dirt', 11, 18),
('Niveau_5', 'Dirt', 11, 22),
('Niveau_5', 'Dirt', 11, 23),
('Niveau_5', 'Dirt', 11, 24),
('Niveau_5', 'Dirt', 11, 25),
('Niveau_5', 'Dirt', 11, 26),
('Niveau_5', 'Dirt', 11, 27),
('Niveau_5', 'Dirt', 11, 28),
('Niveau_5', 'Dirt', 12, 3),
('Niveau_5', 'Dirt', 12, 9),
('Niveau_5', 'Dirt', 12, 10),
('Niveau_5', 'Dirt', 12, 12),
('Niveau_5', 'Dirt', 12, 14),
('Niveau_5', 'Dirt', 12, 16),
('Niveau_5', 'Dirt', 12, 18),
('Niveau_5', 'Dirt', 12, 22),
('Niveau_5', 'Dirt', 12, 23),
('Niveau_5', 'Dirt', 12, 24),
('Niveau_5', 'Dirt', 12, 27),
('Niveau_5', 'Dirt', 12, 28),
('Niveau_5', 'Dirt', 13, 1),
('Niveau_5', 'Dirt', 13, 2),
('Niveau_5', 'Dirt', 13, 3),
('Niveau_5', 'Dirt', 13, 7),
('Niveau_5', 'Dirt', 13, 8),
('Niveau_5', 'Dirt', 13, 9),
('Niveau_5', 'Dirt', 13, 10),
('Niveau_5', 'Dirt', 13, 11),
('Niveau_5', 'Dirt', 13, 12),
('Niveau_5', 'Dirt', 13, 14),
('Niveau_5', 'Dirt', 13, 18),
('Niveau_5', 'Dirt', 13, 23),
('Niveau_5', 'Dirt', 13, 24),
('Niveau_5', 'Dirt', 13, 26),
('Niveau_5', 'Dirt', 13, 27),
('Niveau_5', 'Dirt', 13, 28),
('Niveau_5', 'Dirt', 14, 1),
('Niveau_5', 'Dirt', 14, 2),
('Niveau_5', 'Dirt', 14, 4),
('Niveau_5', 'Dirt', 14, 8),
('Niveau_5', 'Dirt', 14, 13),
('Niveau_5', 'Dirt', 14, 14),
('Niveau_5', 'Dirt', 14, 16),
('Niveau_5', 'Dirt', 14, 18),
('Niveau_5', 'Dirt', 14, 23),
('Niveau_5', 'Dirt', 14, 25),
('Niveau_5', 'Dirt', 14, 26),
('Niveau_5', 'Dirt', 14, 27),
('Niveau_5', 'Dirt', 14, 28),
('Niveau_5', 'Dirt', 15, 2),
('Niveau_5', 'Dirt', 15, 3),
('Niveau_5', 'Dirt', 15, 4),
('Niveau_5', 'Dirt', 15, 7),
('Niveau_5', 'Dirt', 15, 8),
('Niveau_5', 'Dirt', 15, 13),
('Niveau_5', 'Dirt', 15, 14),
('Niveau_5', 'Dirt', 15, 15),
('Niveau_5', 'Dirt', 15, 16),
('Niveau_5', 'Dirt', 15, 17),
('Niveau_5', 'Dirt', 15, 18),
('Niveau_5', 'Dirt', 15, 22),
('Niveau_5', 'Dirt', 15, 23),
('Niveau_5', 'Dirt', 15, 25),
('Niveau_5', 'Dirt', 15, 26),
('Niveau_5', 'Dirt', 15, 28),
('Niveau_5', 'Dirt', 16, 2),
('Niveau_5', 'Dirt', 16, 3),
('Niveau_5', 'Dirt', 16, 6),
('Niveau_5', 'Dirt', 16, 7),
('Niveau_5', 'Dirt', 16, 8),
('Niveau_5', 'Dirt', 16, 13),
('Niveau_5', 'Dirt', 16, 16),
('Niveau_5', 'Dirt', 16, 17),
('Niveau_5', 'Dirt', 16, 18),
('Niveau_5', 'Dirt', 16, 19),
('Niveau_5', 'Dirt', 16, 26),
('Niveau_5', 'Dirt', 16, 27),
('Niveau_5', 'Dirt', 16, 28),
('Niveau_5', 'Dirt', 17, 2),
('Niveau_5', 'Dirt', 17, 3),
('Niveau_5', 'Dirt', 17, 4),
('Niveau_5', 'Dirt', 17, 5),
('Niveau_5', 'Dirt', 17, 6),
('Niveau_5', 'Dirt', 17, 8),
('Niveau_5', 'Dirt', 17, 9),
('Niveau_5', 'Dirt', 17, 10),
('Niveau_5', 'Dirt', 17, 12),
('Niveau_5', 'Dirt', 17, 13),
('Niveau_5', 'Dirt', 17, 14),
('Niveau_5', 'Dirt', 17, 18),
('Niveau_5', 'Dirt', 17, 19),
('Niveau_5', 'Dirt', 17, 20),
('Niveau_5', 'Dirt', 17, 21),
('Niveau_5', 'Dirt', 17, 22),
('Niveau_5', 'Dirt', 18, 1),
('Niveau_5', 'Dirt', 18, 2),
('Niveau_5', 'Dirt', 18, 3),
('Niveau_5', 'Dirt', 18, 7),
('Niveau_5', 'Dirt', 18, 8),
('Niveau_5', 'Dirt', 18, 10),
('Niveau_5', 'Dirt', 18, 12),
('Niveau_5', 'Dirt', 18, 13),
('Niveau_5', 'Dirt', 18, 14),
('Niveau_5', 'Dirt', 18, 16),
('Niveau_5', 'Dirt', 18, 17),
('Niveau_5', 'Dirt', 18, 18),
('Niveau_5', 'Dirt', 18, 19),
('Niveau_5', 'Dirt', 18, 21),
('Niveau_5', 'Dirt', 18, 22),
('Niveau_5', 'Dirt', 18, 24),
('Niveau_5', 'Dirt', 18, 25),
('Niveau_5', 'Dirt', 19, 1),
('Niveau_5', 'Dirt', 19, 3),
('Niveau_5', 'Dirt', 19, 7),
('Niveau_5', 'Dirt', 19, 15),
('Niveau_5', 'Dirt', 19, 16),
('Niveau_5', 'Dirt', 19, 19),
('Niveau_5', 'Dirt', 19, 21),
('Niveau_5', 'Dirt', 19, 22),
('Niveau_5', 'Dirt', 19, 25),
('Niveau_5', 'Dirt', 20, 1),
('Niveau_5', 'Dirt', 20, 6),
('Niveau_5', 'Dirt', 20, 7),
('Niveau_5', 'Dirt', 20, 9),
('Niveau_5', 'Dirt', 20, 14),
('Niveau_5', 'Dirt', 20, 15),
('Niveau_5', 'Dirt', 20, 16),
('Niveau_5', 'Dirt', 20, 17),
('Niveau_5', 'Dirt', 20, 21),
('Niveau_5', 'Dirt', 20, 22),
('Niveau_5', 'Dirt', 21, 1),
('Niveau_5', 'Dirt', 21, 3),
('Niveau_5', 'Dirt', 21, 9),
('Niveau_5', 'Dirt', 21, 11),
('Niveau_5', 'Dirt', 21, 12),
('Niveau_5', 'Dirt', 21, 15),
('Niveau_5', 'Dirt', 21, 17),
('Niveau_5', 'Dirt', 21, 18),
('Niveau_5', 'Dirt', 21, 20),
('Niveau_5', 'Dirt', 21, 21),
('Niveau_5', 'Dirt', 21, 22),
('Niveau_5', 'Dirt', 21, 23),
('Niveau_5', 'Dirt', 21, 25),
('Niveau_5', 'Dirt', 22, 1),
('Niveau_5', 'Dirt', 22, 3),
('Niveau_5', 'Dirt', 22, 7),
('Niveau_5', 'Dirt', 22, 8),
('Niveau_5', 'Dirt', 22, 9),
('Niveau_5', 'Dirt', 22, 12),
('Niveau_5', 'Dirt', 22, 14),
('Niveau_5', 'Dirt', 22, 18),
('Niveau_5', 'Dirt', 22, 19),
('Niveau_5', 'Dirt', 22, 20),
('Niveau_5', 'Dirt', 22, 22),
('Niveau_5', 'Dirt', 22, 23),
('Niveau_5', 'Dirt', 23, 1),
('Niveau_5', 'Dirt', 23, 3),
('Niveau_5', 'Dirt', 23, 4),
('Niveau_5', 'Dirt', 23, 5),
('Niveau_5', 'Dirt', 23, 6),
('Niveau_5', 'Dirt', 23, 7),
('Niveau_5', 'Dirt', 23, 8),
('Niveau_5', 'Dirt', 23, 9),
('Niveau_5', 'Dirt', 23, 10),
('Niveau_5', 'Dirt', 23, 11),
('Niveau_5', 'Dirt', 23, 14),
('Niveau_5', 'Dirt', 23, 15),
('Niveau_5', 'Dirt', 23, 17),
('Niveau_5', 'Dirt', 23, 22),
('Niveau_5', 'Dirt', 23, 23),
('Niveau_5', 'Dirt', 23, 24),
('Niveau_5', 'Dirt', 4, 23),
('Niveau_5', 'Dirt', 23, 19),
('Niveau_5', 'Dirt', 23, 20);
COMMIT;

/*!40101 SET CHARACTER_SET_CLIENT=@OLD_CHARACTER_SET_CLIENT */;
/*!40101 SET CHARACTER_SET_RESULTS=@OLD_CHARACTER_SET_RESULTS */;
/*!40101 SET COLLATION_CONNECTION=@OLD_COLLATION_CONNECTION */;
